purchaser_name_raw,party_name,total_amount_inr,total_amount_cr,bond_count
MEGHA ENGINEERING AND INFRASTRUCTURES LI MITED,BHARATIYA JANATA PARTY,5190000000,519.0000,519
FUTURE GAMING AND HOTEL SERVICES PR,DRAVIDA MUNNETRA KAZHAGAM (DMK),4530000000,453.0000,453
FUTURE GAMING AND HOTEL SERVICES PR,ALL INDIA TRINAMOOL CONGRESS,4350000000,435.0000,435
QWIKSUPPLYCHAINPRIVATELIMITED,BHARATIYA JANATA PARTY,3750000000,375.0000,375
HALDIA ENERGY LIMITED,ALL INDIA TRINAMOOL CONGRESS,2810000000,281.0000,281
VEDANTA LIMITED,BHARATIYA JANATA PARTY,2266500000,226.6500,237
BHARTI AIRTEL LIMITED,BHARATIYA JANATA PARTY,1830000000,183.0000,183
MADANLAL LTD.,BHARATIYA JANATA PARTY,1755000000,175.5000,189
ESSEL MINING AND INDS LTD,BIJU JANATA DAL,1745000000,174.5000,179
FUTURE GAMING AND HOTEL SERVICES PR,YSR  CONGRESS PARTY  (YUVAJANA SRAMIKA RYTHU CONGRESS PARTY),1540000000,154.0000,154
MEGHA ENGINEERING AND INFRASTRUCTURES LI MITED,BHARAT RASHTRA SAMITHI,1500000000,150.0000,150
KEVENTER FOODPARK INFRA LIMITED,BHARATIYA JANATA PARTY,1445000000,144.5000,149
DLF COMMERCIAL DEVELOPERS LIMITED,BHARATIYA JANATA PARTY,1300000000,130.0000,130
WESTERN UP POWER TRANSMISSION COMPANY LI MITED,"PRESIDENT, ALL INDIA CONGRESS COMMITTEE",1100000000,110.0000,110
BIRLACARBONINDIAPRIVATELIMITED,BHARATIYA JANATA PARTY,1050000000,105.0000,105
VEDANTA LIMITED,"PRESIDENT, ALL INDIA CONGRESS COMMITTEE",1040000000,104.0000,104
JINDAL STEEL AND POWER LIMITED,BIJU JANATA DAL,1000000000,100.0000,100
FUTURE GAMING AND HOTEL SERVICES PR,BHARATIYA JANATA PARTY,1000000000,100.0000,100
YASHODA SUPER SPECIALITY HOSPITAL,BHARAT RASHTRA SAMITHI,940000000,94.0000,94
DHARIWAL INFRASTRUCTURE LIMITED,ALL INDIA TRINAMOOL CONGRESS,900000000,90.0000,90
B G SHIRKE CONSTRUCTION TECHNOLOGY PVT L TD,SHIVSENA,850000000,85.0000,85
HALDIA ENERGY LIMITED,BHARATIYA JANATA PARTY,810000000,81.0000,99
WESTERN UP POWER TRANSMISSION COMPANY LI MITED,BHARATIYA JANATA PARTY,800000000,80.0000,80
UTKAL ALUMINA INTERNATIONAL LIMITED,BHARATIYA JANATA PARTY,750000000,75.0000,75
MKJ ENTERPRISES LIMITED,"PRESIDENT, ALL INDIA CONGRESS COMMITTEE",693500000,69.3500,113
YASHODA SUPER SPECIALITY HOSPITAL,"PRESIDENT, ALL INDIA CONGRESS COMMITTEE",640000000,64.0000,64
FUTURE GAMING AND HOTEL SERVICES PVT LTD,ALL INDIA TRINAMOOL CONGRESS,620000000,62.0000,62
NCC LIMITED,BHARATIYA JANATA PARTY,600000000,60.0000,60
UTKAL ALUMINA INTERNATIONAL LIMITED,BIJU JANATA DAL,600000000,60.0000,60
MEGHA ENGINEERING AND INFRASTRUCTURES LI MITED,DRAVIDA MUNNETRA KAZHAGAM (DMK),600000000,60.0000,60
INFINA FINANCE PRIVATE LIMITED,BHARATIYA JANATA PARTY,600000000,60.0000,60
MEGHA ENGINEERING AND INFRASTRUCTURES LTD,BHARATIYA JANATA PARTY,600000000,60.0000,60
TORRENT  POWER  LIMITED,BHARATIYA JANATA PARTY,580000000,58.0000,67
AVEES TRADING FINANCE PVT LTD,"PRESIDENT, ALL INDIA CONGRESS COMMITTEE",530000000,53.0000,53
FUTURE GAMING AND HOTEL SERVICES PRIVATE LIMITED,DRAVIDA MUNNETRA KAZHAGAM (DMK),500000000,50.0000,50
FUTURE GAMING AND HOTEL SERVICES PR,"PRESIDENT, ALL INDIA CONGRESS COMMITTEE",500000000,50.0000,50
CHENNAI GREEN WOODS PRIVATE LIMITED,BHARAT RASHTRA SAMITHI,500000000,50.0000,50
SRI SIDDHARTH INFRATECH AND SERVICES I P,BHARATIYA JANATA PARTY,500000000,50.0000,50
UNITED PHOSPHORUS INDIA LLP,BHARATIYA JANATA PARTY,500000000,50.0000,50
RUNGTA SONS P LTD,BHARATIYA JANATA PARTY,500000000,50.0000,50
ESSEL MINING AND INDS LTD,BHARATIYA JANATA PARTY,500000000,50.0000,59
RUNGTA SONS P LTD,BIJU JANATA DAL,500000000,50.0000,50
RASHMI CEMENT LTD,BIJU JANATA DAL,450000000,45.0000,45
FUTURE GAMING AND HOTEL SERVICES PRIVATE LIMITED,ALL INDIA TRINAMOOL CONGRESS,450000000,45.0000,45
MEGHA ENGINEERING & INFRASTRUCTURES LIMITED,BHARAT RASHTRA SAMITHI,450000000,45.0000,45
NAVAYUGA  ENGINEERING COMPANY LIMITED,BHARATIYA JANATA PARTY,450000000,45.0000,45
IFB AGRO INDUSTRIES LIMITED,ALL INDIA TRINAMOOL CONGRESS,420000000,42.0000,42
MODERN ROAD MAKERS PVT. LTD.,BHARATIYA JANATA PARTY,400000000,40.0000,40
PCBL LIMITED,ALL INDIA TRINAMOOL CONGRESS,400000000,40.0000,40
VEDANTA LIMITED,BIJU JANATA DAL,400000000,40.0000,40
LAXMI CIVIL ENGINEERING SERVICES PR,BHARATIYA JANATA PARTY,400000000,40.0000,40
SHIRDI SAI ELECTRICALS LTD,TELUGU DESAM PARTY,400000000,40.0000,40
PHL FINIVEST PVT LTD,BHARATIYA JANATA PARTY,400000000,40.0000,40
CHENNAI GREEN WOODS PRIVATE LIMITED,ALL INDIA TRINAMOOL CONGRESS,400000000,40.0000,40
SASMAL INFRASTRUCTURE PRIVATE LIMITED,"PRESIDENT, ALL INDIA CONGRESS COMMITTEE",390000000,39.0000,39
PRARAMBH SECURITIES PVT LTDPROPRIET,ALL INDIA TRINAMOOL CONGRESS,380000000,38.0000,38
MEGHA ENGINEERING AND INFRASTRUCTURES LI MITED,YSR  CONGRESS PARTY  (YUVAJANA SRAMIKA RYTHU CONGRESS PARTY),370000000,37.0000,37
BHARTI TELEMEDIA LIMITED,BHARATIYA JANATA PARTY,370000000,37.0000,37
SWAL CORPORATION LIMITED,BHARATIYA JANATA PARTY,350000000,35.0000,35
NEXG DEVICES PVT LTD,BHARATIYA JANATA PARTY,350000000,35.0000,35
IFB AGRO INDUSTRIES LIMITED,RASHTRIYA JANTA DAL,350000000,35.0000,35
SAFAL GOYAL REALTY LLP,BHARATIYA JANATA PARTY,350000000,35.0000,35
CRESCENT POWER LTD,ALL INDIA TRINAMOOL CONGRESS,330000000,33.0000,42
PRARAMBH SECURITIES PVT LTDPROPRIET,BHARATIYA JANATA PARTY,330000000,33.0000,33
DR.REDDY'S LABORATORIES LTD,BHARAT RASHTRA SAMITHI,320000000,32.0000,32
TORRENT PHARMACEUTICALS LTD,BHARATIYA JANATA PARTY,320000000,32.0000,32
AUROBINDO PHARMA LIMITED,BHARATIYA JANATA PARTY,315000000,31.5000,36
LCCPROJECTSPRIVATELIMITED,BHARATIYA JANATA PARTY,315000000,31.5000,36
JINDAL STAINLESS LTD,BIJU JANATA DAL,300000000,30.0000,30
CIPLA LIMITED,BHARATIYA JANATA PARTY,300000000,30.0000,30
B G SHIRKE CONSTRUCTION TECHNOLOGY PVT L TD,BHARATIYA JANATA PARTY,300000000,30.0000,30
RITHWIK PROJECTS  PRIVATE LIMITED,"PRESIDENT, ALL INDIA CONGRESS COMMITTEE",300000000,30.0000,30
HETERO DRUGS LIMITED,BHARAT RASHTRA SAMITHI,300000000,30.0000,30
DIVI S LABORATORIES LIMITED,BHARATIYA JANATA PARTY,300000000,30.0000,30
SEPC POWER PVT LTD OPERATION RETEN,"PRESIDENT, ALL INDIA CONGRESS COMMITTEE",300000000,30.0000,30
HONEYWELL PROPERTIES PVT LTD,BHARATIYA JANATA PARTY,300000000,30.0000,30
TORRENT PHARMACEUTICALS LIMITED,BHARATIYA JANATA PARTY,290000000,29.0000,38
MEGHA ENGINEERING AND INFRASTRUCTURES LI MITED,TELUGU DESAM PARTY,280000000,28.0000,28
PENGUIN TRADING & AGENCIES LIMITED,BIJU JANATA DAL,275000000,27.5000,32
MKJ ENTERPRISES LTD,ALL INDIA TRINAMOOL CONGRESS,274000000,27.4000,31
RASHMI METALIKS LTD,BIJU JANATA DAL,270000000,27.0000,27
JINDAL SAW LIMITED,BHARATIYA JANATA PARTY,270000000,27.0000,27
KALPATARU PROJECTS INTERNATIONAL LIMITED,BHARATIYA JANATA PARTY,255000000,25.5000,30
GENUS POWER INFRASTRUCTURES LIMITED,BHARATIYA JANATA PARTY,255000000,25.5000,30
QWIKSUPPLYCHAINPRIVATELIMITED,SHIVSENA,250000000,25.0000,25
THE RAMCO CEMENTS LIMITED,BHARATIYA JANATA PARTY,250000000,25.0000,25
AUTHUM INVESTMENT AND INFRASTRUCTURE LTD,BHARATIYA JANATA PARTY,250000000,25.0000,25
PIRAMAL ENTERPRISES LIMITED,BHARATIYA JANATA PARTY,250000000,25.0000,25
DHARIWAL INFRASTRUCTURE LIMITED,BHARATIYA JANATA PARTY,250000000,25.0000,25
MEGHA ENGINEERING & INFRASTRUCTURES LIMITED,DRAVIDA MUNNETRA KAZHAGAM (DMK),250000000,25.0000,25
DLF LUXURY HOMES LIMITED,BHARATIYA JANATA PARTY,250000000,25.0000,25
MAHINDRA & MAHINDRA LTD,BHARATIYA JANATA PARTY,250000000,25.0000,25
IRB MP EXPRESSWAY PRIVATE LIMITED,BHARAT RASHTRA SAMITHI,250000000,25.0000,25
PRATHMESH CONSTRUCTION,BHARATIYA JANATA PARTY,250000000,25.0000,25
THE RAMCO CEMENTS LIMITED,YSR  CONGRESS PARTY  (YUVAJANA SRAMIKA RYTHU CONGRESS PARTY),240000000,24.0000,24
DR.REDDY'S LABORATORIES LTD,BHARATIYA JANATA PARTY,240000000,24.0000,24
MANKIND PHARMA LIMITED,BHARATIYA JANATA PARTY,240000000,24.0000,24
AVEES TRADING & FINANCE PVT LTD,ALL INDIA TRINAMOOL CONGRESS,240000000,24.0000,24
GRASIM INDUSTRIES LTD,BHARATIYA JANATA PARTY,230000000,23.0000,23
MKJ ENTERPRISES LTD,"PRESIDENT, ALL INDIA CONGRESS COMMITTEE",222500000,22.2500,29
SIDDHI TRADING,"PRESIDENT, ALL INDIA CONGRESS COMMITTEE",220000000,22.0000,22
L7 HITECH PRIVATE LIMITED,BHARAT RASHTRA SAMITHI,220000000,22.0000,22
AVEES TRADING FINANCE PVT LTD,ALL INDIA TRINAMOOL CONGRESS,215000000,21.5000,26
VEDANTA LTD,"PRESIDENT, ALL INDIA CONGRESS COMMITTEE",210000000,21.0000,21
KOYA AND COMPANY CONSTRUCTION LTD,BHARAT RASHTRA SAMITHI,200000000,20.0000,20
BKC PROPERTIES PVT LTD,"PRESIDENT, ALL INDIA CONGRESS COMMITTEE",200000000,20.0000,20
HERO MOTOCORP LIMITED,BHARATIYA JANATA PARTY,200000000,20.0000,20
MARUTI SUZUKI INDIA LTD,BHARATIYA JANATA PARTY,200000000,20.0000,20
MAATHA PROJECTS LLP,BHARATIYA JANATA PARTY,200000000,20.0000,20
JINDAL STEEL AND POWER LIMITED,"PRESIDENT, ALL INDIA CONGRESS COMMITTEE",200000000,20.0000,20
DIVI S LABORATORIES LIMITED,BHARAT RASHTRA SAMITHI,200000000,20.0000,20
TELLAPUR TECHNOCITY PRIVATE LIMI,BHARAT RASHTRA SAMITHI,200000000,20.0000,20
HONOUR LAB LTD,BHARAT RASHTRA SAMITHI,200000000,20.0000,20
WESTERN UP POWER TRANSMISSION COMPANY LI MITED,TELUGU DESAM PARTY,200000000,20.0000,20
INTAS PHARMACEUTICALS LIMITED,BHARATIYA JANATA PARTY,200000000,20.0000,20
KEVENTER FOODPARK INFRA LIMITED,"PRESIDENT, ALL INDIA CONGRESS COMMITTEE",200000000,20.0000,20
KEVENTER FOODPARK INFRA LIMITED,ALL INDIA TRINAMOOL CONGRESS,200000000,20.0000,20
INTERGLOBE REAL ESTATE VENTURES PVT LTD,BHARATIYA JANATA PARTY,200000000,20.0000,20
SUN PHARMA LABORATORIES LIMTED,BHARATIYA JANATA PARTY,200000000,20.0000,20
BAJAJ FINANCE LTD,BHARATIYA JANATA PARTY,200000000,20.0000,20
LUCINA LAND DEVELOPMENT LIMITED,BHARATIYA JANATA PARTY,200000000,20.0000,20
PHILLIPS CARBON BLACK LIMITED,BHARATIYA JANATA PARTY,200000000,20.0000,20
CHANDER COMMERCIALS PVT LTD,BHARATIYA JANATA PARTY,200000000,20.0000,20
RAJAPUSHPA PROPERTIES PVT LTD,BHARAT RASHTRA SAMITHI,200000000,20.0000,20
HETERO LABS LIMITED,BHARAT RASHTRA SAMITHI,200000000,20.0000,20
MSN PHARMACHEM PVT LTD,BHARAT RASHTRA SAMITHI,200000000,20.0000,20
HES INFRA PVT LTD,BHARAT RASHTRA SAMITHI,200000000,20.0000,20
NSL SEZ(HYDERABAD) PRIVATE LIMITED,BHARAT RASHTRA SAMITHI,195000000,19.5000,24
TRANSWAYS EXIM PRIVATE LIMITED,ALL INDIA TRINAMOOL CONGRESS,193000000,19.3000,130
RASHMI CEMENT LTD,ALL INDIA TRINAMOOL CONGRESS,185000000,18.5000,23
MKJ ENTERPRISES LIMITED,ALL INDIA TRINAMOOL CONGRESS,185000000,18.5000,68
K RAHEJA CORP PVT LTD,BHARAT RASHTRA SAMITHI,180000000,18.0000,18
LUPIN LIMITED,BHARATIYA JANATA PARTY,180000000,18.0000,18
MEGHA ENGINEERING AND INFRASTRUCTURES LI MITED,"PRESIDENT, ALL INDIA CONGRESS COMMITTEE",180000000,18.0000,18
ZYDUS HEALTHCARE LIMITED,BHARATIYA JANATA PARTY,180000000,18.0000,18
TORRENT POWER LTD,BHARATIYA JANATA PARTY,180000000,18.0000,108
FINOLEX CABLES LTD,BHARATIYA JANATA PARTY,180000000,18.0000,18
TORRENT  POWER  LIMITED,"PRESIDENT, ALL INDIA CONGRESS COMMITTEE",170000000,17.0000,17
OSTRO JAISALMER PRIVATE LIMITED,YSR  CONGRESS PARTY  (YUVAJANA SRAMIKA RYTHU CONGRESS PARTY),170000000,17.0000,17
OSTRO MADHYA WIND PRIVATE LIMITED,YSR  CONGRESS PARTY  (YUVAJANA SRAMIKA RYTHU CONGRESS PARTY),170000000,17.0000,17
VARDHMAN TEXTILES LTD,BHARATIYA JANATA PARTY,170000000,17.0000,35
S D CORPORATION PVT LTD,BHARATIYA JANATA PARTY,170000000,17.0000,17
RAY CONSTRUCTIONS LTD,BHARATIYA JANATA PARTY,165000000,16.5000,21
KITEX GARMENTS LIMITED,BHARAT RASHTRA SAMITHI,160000000,16.0000,16
TVS MOBILITY PRIVATE LIMITED,BHARATIYA JANATA PARTY,160000000,16.0000,16
ISHAN TECHNICAL PLANT SERVICES PVT LTD,BHARATIYA JANATA PARTY,160000000,16.0000,16
WESTWELL GASES PRIVATE LIMITED,ALL INDIA TRINAMOOL CONGRESS,154000000,15.4000,19
TRANSWAYS EXIM PRIVATE LIMITED,"PRESIDENT, ALL INDIA CONGRESS COMMITTEE",152000000,15.2000,80
HH IRON AND STEEL PRIVATE LIMITED,BHARATIYA JANATA PARTY,150000000,15.0000,15
WPIL LIMITED,BHARATIYA JANATA PARTY,150000000,15.0000,15
DLF GARDEN CITY INDORE PVT LTD,BHARATIYA JANATA PARTY,150000000,15.0000,15
DINESHCHANDRA R AGRAWAL INFRACON PVT LTD,BHARATIYA JANATA PARTY,150000000,15.0000,15
TERACON BUILDTECH LLP,BHARATIYA JANATA PARTY,150000000,15.0000,15
ALKEM LABORATORIES LIMITED,BHARATIYA JANATA PARTY,150000000,15.0000,15
AKSENTT TECH SERVICES LIMITED (UNITY TEL ECOM INFRASTRUCTURE),BHARATIYA JANATA PARTY,150000000,15.0000,15
MY HOME INFRASTRUCTURES  PRIVATE LI,BHARAT RASHTRA SAMITHI,150000000,15.0000,15
AQUA SPACE DEVELOPERS PRIVATE LIMIT,BHARAT RASHTRA SAMITHI,150000000,15.0000,15
APARNA FARMS AND ESTATES LLP,BHARAT RASHTRA SAMITHI,150000000,15.0000,15
CHENNAI GREEN WOODS PRIVATE LIMITED,"PRESIDENT, ALL INDIA CONGRESS COMMITTEE",150000000,15.0000,15
EUGIA PHARMA SPECIALITIES LIMITED,BHARATIYA JANATA PARTY,150000000,15.0000,15
APARNA FARMS AND ESTATES LLP,"PRESIDENT, ALL INDIA CONGRESS COMMITTEE",150000000,15.0000,15
INFOTELBUSINESSSOLUTIONSLTDBR,BHARATIYA JANATA PARTY,150000000,15.0000,15
HALDIA ENERGY LIMITED,"PRESIDENT, ALL INDIA CONGRESS COMMITTEE",150000000,15.0000,15
AUROBINDO PHARMA LIMITED,BHARAT RASHTRA SAMITHI,150000000,15.0000,15
MKJ ENTERPRISES LTD,BHARATIYA JANATA PARTY,144200000,14.4200,29
BHARTI AIRTEL LIMITEDAIRTEL CURRE NT AC-GCO,BHARATIYA JANATA PARTY,144000000,14.4000,27
JK LAKSHMI CEMENT LIMITED,"PRESIDENT, ALL INDIA CONGRESS COMMITTEE",140000000,14.0000,23
DR.REDDY'S LABORATORIES LTD,"PRESIDENT, ALL INDIA CONGRESS COMMITTEE",140000000,14.0000,14
MOHAN STEEL CORPORATION,BHARATIYA JANATA PARTY,140000000,14.0000,14
NATCO PHARMA LTD,TELUGU DESAM PARTY,140000000,14.0000,14
KAYPEE ENTERPRISES,BHARATIYA JANATA PARTY,140000000,14.0000,14
MISRILALL MINES PVT LTD,ALL INDIA TRINAMOOL CONGRESS,140000000,14.0000,14
SHRI JAGANNATH STEELS & POWER LTD,BIJU JANATA DAL,140000000,14.0000,41
WELSPUN CORP LIMITED,BHARATIYA JANATA PARTY,130000000,13.0000,13
NATCO PHARMA LTD,BHARATIYA JANATA PARTY,130000000,13.0000,13
NIRMA LIMITED,"PRESIDENT, ALL INDIA CONGRESS COMMITTEE",130000000,13.0000,13
SANDHYA  CONSTRUCTIONS & ESTATES PRIVATE  LIMITED,BHARAT RASHTRA SAMITHI,130000000,13.0000,13
HAZELO LAB PRIVATE LTD,BHARAT RASHTRA SAMITHI,125000000,12.5000,17
HINDYS LAB PRIVATE LTD,BHARAT RASHTRA SAMITHI,125000000,12.5000,17
MKJ ENTERPRISES LIMITED,BHARATIYA JANATA PARTY,125000000,12.5000,26
NATCO PHARMA LTD,"PRESIDENT, ALL INDIA CONGRESS COMMITTEE",122500000,12.2500,19
SATEC ENVIR ENGINEERING (I) PVT LTD,BHARATIYA JANATA PARTY,120000000,12.0000,21
ULTRA TECH CEMENT LIMITED,BHARATIYA JANATA PARTY,120000000,12.0000,12
TALENTO TECHNICAL PLANT SERVICES PVT LTD,BHARATIYA JANATA PARTY,120000000,12.0000,12
KAMNA CREDITS AND PROMOTORS PVT LTD,"PRESIDENT, ALL INDIA CONGRESS COMMITTEE",115000000,11.5000,16
SUN PHARMA LABORATORIES LTD,BHARATIYA JANATA PARTY,115000000,11.5000,16
BENGAL COKE COMPANY LIMITED,"PRESIDENT, ALL INDIA CONGRESS COMMITTEE",113210000,11.3210,17
HIMALAYAN ENDEAVOUR PVT LTD,ALL INDIA TRINAMOOL CONGRESS,112000000,11.2000,58
INTERGLOBE AIR TRANSPORT LIMITED,BHARATIYA JANATA PARTY,110000000,11.0000,11
REAL TECHNICAL SOLUTIONS PVT LTD,BHARATIYA JANATA PARTY,110000000,11.0000,11
KEC INTERNATIONAL LIMITED,BHARATIYA JANATA PARTY,110000000,11.0000,11
JAI BHARAT TECHNICAL SERVICES PVT LTD,BHARATIYA JANATA PARTY,105000000,10.5000,15
JWIL INFRA LTD. (FORM. JITF WATER,BHARATIYA JANATA PARTY,104000000,10.4000,14
BIOXGREEN TECHNOLOGY PRIVATE LIMITE,BHARATIYA JANATA PARTY,100000000,10.0000,10
ULTRATECHCEMENTSLTD,BHARATIYA JANATA PARTY,100000000,10.0000,10
QWIKSUPPLYCHAINPRIVATELIMITED,NATIONALIST CONGRESS PARTY MAHARASHTRA PRADESH,100000000,10.0000,10
INORBIT MALLS  INDIA  PRIVATE LIMIT,"PRESIDENT, ALL INDIA CONGRESS COMMITTEE",100000000,10.0000,10
AVEES TRADING FINANCE PVT LTD,AAM AADMI PARTY,100000000,10.0000,10
MKJ ENTERPRISES LIMITED,BHARAT RASHTRA SAMITHI,100000000,10.0000,10
MKJ ENTERPRISES LIMITED,BIJU JANATA DAL,100000000,10.0000,10
PPR M SAND LLP,BHARAT RASHTRA SAMITHI,100000000,10.0000,10
NATCO PHARMA LIMITED,BHARAT RASHTRA SAMITHI,100000000,10.0000,10
SELMAR LAB PRIVATE LTD,BHARAT RASHTRA SAMITHI,100000000,10.0000,10
NAVAYUGA ENGINEERING CO LTD,BHARATIYA JANATA PARTY,100000000,10.0000,10
BEST AGROLIFE LIMITED,BHARATIYA JANATA PARTY,100000000,10.0000,10
IPCA LABORATORIES LIMITED,BHARATIYA JANATA PARTY,100000000,10.0000,10
WELSPUN ENTERPRISES LTD,BHARATIYA JANATA PARTY,100000000,10.0000,10
ENVIRO CONTROL PRIVATE LIMITED FORM,BHARATIYA JANATA PARTY,100000000,10.0000,10
WELSPUN INDIA LIMITED,BHARATIYA JANATA PARTY,100000000,10.0000,10
USV PRIVATE LTD ( FORMERLY USV LTD),BHARATIYA JANATA PARTY,100000000,10.0000,10
INORBIT MALLS INDIA PRIVATE LIMITED,"PRESIDENT, ALL INDIA CONGRESS COMMITTEE",100000000,10.0000,10
RITHWIK PROJECTS  PRIVATE LIMITED,JANATA DAL ( SECULAR ),100000000,10.0000,10
SUPER CYBERTECH PARK PRIVATE LIMITE,BHARAT RASHTRA SAMITHI,100000000,10.0000,10
KNR CONSTRUCTIONS LTD,BHARAT RASHTRA SAMITHI,100000000,10.0000,10
ABNLINVESTMENTLIMITED,BHARATIYA JANATA PARTY,100000000,10.0000,10
BALU IRON AND STEEL COMPANY,BHARATIYA JANATA PARTY,100000000,10.0000,10
TVS MOTOR COMPANY LIMITED,BHARATIYA JANATA PARTY,100000000,10.0000,10
SHRI SHAMLAJI SALES PRIVATE LIMITED,BIJU JANATA DAL,100000000,10.0000,10
NATCO PHARMA LTD,BHARAT RASHTRA SAMITHI,100000000,10.0000,10
CYIENT LIMITED,BHARATIYA JANATA PARTY,100000000,10.0000,10
APL HEALTHCARE LIMITED,BHARATIYA JANATA PARTY,100000000,10.0000,10
SNEHA KINETIC POWER PROJECTS PVT LTD,YSR  CONGRESS PARTY  (YUVAJANA SRAMIKA RYTHU CONGRESS PARTY),100000000,10.0000,10
MSN LABORATORIES PVT LTD,BHARATIYA JANATA PARTY,100000000,10.0000,10
ACE URBAN DEVELOPERS PVT LTD,BHARATIYA JANATA PARTY,100000000,10.0000,10
SRI SIDDHARTH INFRATECH AND SERVICES I P,"PRESIDENT, ALL INDIA CONGRESS COMMITTEE",100000000,10.0000,10
DR.REDDY'S LABORATORIES LTD,TELUGU DESAM PARTY,100000000,10.0000,10
BHARAT BIOTECH INTERNATIONAL LIMITED,TELUGU DESAM PARTY,100000000,10.0000,10
WESTERN UP POWER TRANSMISSION COMPANY LI MITED,JANASENA PARTY,100000000,10.0000,10
WONDER CEMENT LTD,"PRESIDENT, ALL INDIA CONGRESS COMMITTEE",100000000,10.0000,10
GUJARAT FLUORO CHEMICALS LIMITED,BHARATIYA JANATA PARTY,100000000,10.0000,10
APCO INFRATECH PRIVATE LTD,BHARATIYA JANATA PARTY,100000000,10.0000,10
KAYPEE ENTERPRISES,BIJU JANATA DAL,100000000,10.0000,10
WONDER CEMENT LTD,BHARATIYA JANATA PARTY,100000000,10.0000,10
INFOTELTECHNOLOGIESPRIVATELIMITE,BHARATIYA JANATA PARTY,100000000,10.0000,10
PIRAMAL CAPITAL AND HOUSING FINANCE LTD,BHARATIYA JANATA PARTY,100000000,10.0000,10
MYTRAH ENERGY INDIA PRIVATE LIMITED,BHARATIYA JANATA PARTY,100000000,10.0000,10
PIRAMAL ENTERPRISES LTD,BHARATIYA JANATA PARTY,100000000,10.0000,10
PRL DEVELOPERS PRIVATE LIMITED,BHARATIYA JANATA PARTY,100000000,10.0000,10
PEGASUS PROPERTIES PVT LTD,BHARATIYA JANATA PARTY,100000000,10.0000,19
BAJAJ HOLDINGS & INVESTMENT LIMITED,BHARATIYA JANATA PARTY,100000000,10.0000,10
BAJAJ AUTO LTD,BHARATIYA JANATA PARTY,100000000,10.0000,19
KEVENTER FOODPARK INFRA LIMITED,ADYAKSHA SAMAJVADI PARTY,100000000,10.0000,10
MADANLAL LTD.,"PRESIDENT, ALL INDIA CONGRESS COMMITTEE",100000000,10.0000,10
BRIGHT STAR INVESTMENTS PVT.LTD,BHARATIYA JANATA PARTY,100000000,10.0000,10
ENAM HOLDINGS PRIVATE LIMITED,BHARATIYA JANATA PARTY,100000000,10.0000,10
SELENE CONSTRUCTIONS LIMITED,BHARATIYA JANATA PARTY,100000000,10.0000,10
SYLVANUS PROPERTIES LIMITED,BHARATIYA JANATA PARTY,100000000,10.0000,10
ATHENA INFRASTRUCTURE LIMITED,BHARATIYA JANATA PARTY,100000000,10.0000,10
ULTRATECHCEMENTSLTD,BIJU JANATA DAL,100000000,10.0000,10
GRASIM INDUSTRIES LTD,BIJU JANATA DAL,100000000,10.0000,10
UPL LIMITED,BHARATIYA JANATA PARTY,100000000,10.0000,10
UTKAL ALUMINA INTERNATIONAL LTD,BIJU JANATA DAL,100000000,10.0000,10
PHILLIPS CARBON BLACK LIMITED,ALL INDIA TRINAMOOL CONGRESS,100000000,10.0000,10
APCO INFRATECH PVT LTD  FORMERLY AP,BHARATIYA JANATA PARTY,100000000,10.0000,10
APCO INFRATECH PRIVATE LIMITED,BHARATIYA JANATA PARTY,100000000,10.0000,10
CHANDRAJYOTI ESTATE DEVELOPERS PVT.,BHARATIYA JANATA PARTY,100000000,10.0000,10
J.K.CEMENT LTD.,BHARATIYA JANATA PARTY,100000000,10.0000,64
ORISSA METALIKS PVT LIMITED,BIJU JANATA DAL,100000000,10.0000,10
MEGHA ENGINEERING AND INFRASTRUCTURES LTD,BIHAR PRADESH JANTA DAL(UNITED),100000000,10.0000,10
SRICHAITANYA STUDENTS FACILITY MANAGEMENT PVT LTD,BHARAT RASHTRA SAMITHI,100000000,10.0000,10
GLENMARK PHARMACEUTICALS LTD,BHARATIYA JANATA PARTY,97500000,9.7500,21
MICHIGAN ENGINEERS PVT LTD,BHARATIYA JANATA PARTY,90000000,9.0000,9
ASKUS LOGISTICS PRIVATE LIMITED,RASHTRIYA JANTA DAL,90000000,9.0000,9
KITEX CHILDRENSWEAR LTD,BHARAT RASHTRA SAMITHI,90000000,9.0000,9
HARDESH ORES PVT LTD,BHARATIYA JANATA PARTY,90000000,9.0000,9
INDUSTRIAL TECHNO MAN POWER SUPPLY AND SERVICES PVT LTD,BHARATIYA JANATA PARTY,90000000,9.0000,9
WELSPUN CORP LTD,BHARATIYA JANATA PARTY,90000000,9.0000,9
VACMETINDIALIMITED,BHARATIYA JANATA PARTY,90000000,9.0000,9
RIPLEY & CO STEVDORING & HANDLING PVT LT D,ALL INDIA TRINAMOOL CONGRESS,85000000,8.5000,31
ABHINANDANSTOCKBROKINGPVTLTD,"PRESIDENT, ALL INDIA CONGRESS COMMITTEE",85000000,8.5000,22
SRI KUMARASWAMY MINERAL EXPORTS PR,"PRESIDENT, ALL INDIA CONGRESS COMMITTEE",83300000,8.3300,14
ORRISA METALIKS PVT LTD,BIJU JANATA DAL,80000000,8.0000,8
FUTURE GAMING AND HOTEL SERVICES PR,SIKKIM KRANTIKARI MORCHA,80000000,8.0000,8
BAJAJ AUTO LTD,AAM AADMI PARTY,80000000,8.0000,8
GREENKO ENERGY PROJECTS PRIVATE LTD,BHARATIYA JANATA PARTY,80000000,8.0000,8
AQ SQUARE REALTORS PRIVATE LIMITED,BHARAT RASHTRA SAMITHI,80000000,8.0000,8
ZYDUS HEALTHCARE LIMITED,SIKKIM KRANTIKARI MORCHA,80000000,8.0000,8
COMFORT TRIMS PRIVATE LIMITED DIVIS,BHARATIYA JANATA PARTY,80000000,8.0000,8
WESTWELL GASES PRIVATE LIMITED,DRAVIDA MUNNETRA KAZHAGAM (DMK),80000000,8.0000,8
PROCURE ADVISORY SERVICES PRIVATE LTD,BIJU JANATA DAL,80000000,8.0000,8
UNIPRO TECHNO INFRASTRUCTURE PVT LTD,BHARATIYA JANATA PARTY,80000000,8.0000,8
BHARTI INFRATEL LIMITED,"PRESIDENT, ALL INDIA CONGRESS COMMITTEE",80000000,8.0000,8
THE PUNJAB BUSINESS SUPPLY COMPANY,BIJU JANATA DAL,78000000,7.8000,15
SENGUPTA AND SENGUPTA PRIVATE LIMIT,ALL INDIA TRINAMOOL CONGRESS,77000000,7.7000,14
GOODLUCK  INDIA LIMITED,BHARATIYA JANATA PARTY,75000000,7.5000,12
SCAFFOLD PROPERTIES PVT LTD,"PRESIDENT, ALL INDIA CONGRESS COMMITTEE",70000000,7.0000,7
TRANSWAYS EXIM PRIVATE LIMITED,AAM AADMI PARTY,70000000,7.0000,16
NUVOCO VISTAS CORPORATION LTD,"PRESIDENT, ALL INDIA CONGRESS COMMITTEE",70000000,7.0000,7
WPIL LIMITED,ALL INDIA TRINAMOOL CONGRESS,70000000,7.0000,7
MOHIT MINERALS LIMITED,BHARATIYA JANATA PARTY,70000000,7.0000,7
MKJ ENTERPRISES LIMITED,AAM AADMI PARTY,70000000,7.0000,7
KAMNA CREDITS AND PROMOTORS PVT LTD,BHARAT RASHTRA SAMITHI,70000000,7.0000,7
RANJIT BUILDCON LIMITED,BHARATIYA JANATA PARTY,70000000,7.0000,7
TORRENT PHARMACEUTICALS LTD,SIKKIM KRANTIKARI MORCHA,70000000,7.0000,7
CAPACITE INFRAPROJECTS LTD,BHARATIYA JANATA PARTY,70000000,7.0000,7
ASKUS LOGISTICS PVT LTD,DRAVIDA MUNNETRA KAZHAGAM (DMK),70000000,7.0000,7
MICRO LABS LIMITED,SIKKIM KRANTIKARI MORCHA,70000000,7.0000,7
CIPLA LTD,BHARATIYA JANATA PARTY,70000000,7.0000,7
TIVOLI PARK APARTMENTS PVT LTD,ALL INDIA TRINAMOOL CONGRESS,70000000,7.0000,7
CASTLE LIQUORS PRIVATE LIMITED,ALL INDIA TRINAMOOL CONGRESS,68000000,6.8000,68
MONALISA BOTTLING INDUSTRIES PVT LTD,ALL INDIA TRINAMOOL CONGRESS,66500000,6.6500,53
FORCE MOTORS LTD,BHARATIYA JANATA PARTY,63500000,6.3500,23
IFB AGRO INDUSTRIES LIMITED,BIJU JANATA DAL,63000000,6.3000,9
NANDI ENTERPRISES,"PRESIDENT, ALL INDIA CONGRESS COMMITTEE",61800000,6.1800,24
GANDHAR COALS AND MINES PVT LTD,BHARATIYA JANATA PARTY,60000000,6.0000,6
KAMNA CREDITS AND PROMOTORS PVT LTD,ALL INDIA TRINAMOOL CONGRESS,60000000,6.0000,24
ARVIND LIMITED,BHARATIYA JANATA PARTY,60000000,6.0000,6
BALU IRON AND STEEL COMPANY,BIJU JANATA DAL,60000000,6.0000,6
IDEAL ROAD BUILDERS  PVT.LTD.,"PRESIDENT, ALL INDIA CONGRESS COMMITTEE",60000000,6.0000,6
MSN PHARMACHEM PVT LTD,BHARATIYA JANATA PARTY,60000000,6.0000,6
GK ENERGY MARKETERS PRIVATE LIMITED,BHARATIYA JANATA PARTY,60000000,6.0000,6
INDERDEEP CONSTRUCTION CO,BHARATIYA JANATA PARTY,60000000,6.0000,6
MICRO LABS LTD,BHARATIYA JANATA PARTY,60000000,6.0000,6
MODERN ROAD MAKERS PVT LTD,"PRESIDENT, ALL INDIA CONGRESS COMMITTEE",60000000,6.0000,6
CEAT LTD,BHARATIYA JANATA PARTY,60000000,6.0000,6
EVEY TRANS PVT LTD,BHARAT RASHTRA SAMITHI,60000000,6.0000,6
PATEL ENGINEERING LTD.,BHARATIYA JANATA PARTY,60000000,6.0000,60
TANUSHREE LOGISTICS PRIVATE LIMITED,"PRESIDENT, ALL INDIA CONGRESS COMMITTEE",56000000,5.6000,20
CAMELIA GRIHA NIRMAN PRIVATE LIMITED,"PRESIDENT, ALL INDIA CONGRESS COMMITTEE",55000000,5.5000,10
YOGA BUILDERS PVT LTD,"PRESIDENT, ALL INDIA CONGRESS COMMITTEE",55000000,5.5000,10
HERALD BEVERAGES PRIVATE LIMITED,ALL INDIA TRINAMOOL CONGRESS,55000000,5.5000,10
CYGNUS POWER INFRA SERVICES PRIVATE,"PRESIDENT, ALL INDIA CONGRESS COMMITTEE",55000000,5.5000,10
OM METALS DEVELOPERS (P) LTD.,ALL INDIA TRINAMOOL CONGRESS,55000000,5.5000,10
STOCKPATHADVISORSLLP,"PRESIDENT, ALL INDIA CONGRESS COMMITTEE",52000000,5.2000,16
WESTWELL GASES PRIVATE LIMITED,RASHTRIYA JANTA DAL,51000000,5.1000,6
KAMNA CREDITS AND PROMOTORS PVT LTD,BIJU JANATA DAL,50000000,5.0000,5
SHANKARANARAYANA CONSTRUCTIONS PVT,BHARATIYA JANATA PARTY,50000000,5.0000,5
SKP MERCHANTS LLP,"PRESIDENT, ALL INDIA CONGRESS COMMITTEE",50000000,5.0000,5
FERTILELAND FOODS PRIVATE LIMITED,DRAVIDA MUNNETRA KAZHAGAM (DMK),50000000,5.0000,5
EVERSHINE INTERIORS CHENNAI PVT LTD,YSR  CONGRESS PARTY  (YUVAJANA SRAMIKA RYTHU CONGRESS PARTY),50000000,5.0000,5
FUTURISTIC HANDLING SERVICES PVT LTD,YSR  CONGRESS PARTY  (YUVAJANA SRAMIKA RYTHU CONGRESS PARTY),50000000,5.0000,5
MKK METAL SECTIONS P LTD,"PRESIDENT, ALL INDIA CONGRESS COMMITTEE",50000000,5.0000,5
THE RAMCO CEMENTS LIMITED,TELUGU DESAM PARTY,50000000,5.0000,5
PRESTIGE GARDEN ESTATES PRIVATE LIM,"PRESIDENT, ALL INDIA CONGRESS COMMITTEE",50000000,5.0000,5
BLUEBERRY TRADING COMPANY PRIVATE L,"PRESIDENT, ALL INDIA CONGRESS COMMITTEE",50000000,5.0000,5
IFB AGRO INDUSTRIES LIMITED,"PRESIDENT, ALL INDIA CONGRESS COMMITTEE",50000000,5.0000,5
MNMEDIAVENTURESPVTL108,BHARATIYA JANATA PARTY,50000000,5.0000,5
AXIS CLINICALS LIMITED,BHARAT RASHTRA SAMITHI,50000000,5.0000,5
TRIDENTCHEMPHARLIMITED,TELUGU DESAM PARTY,50000000,5.0000,5
SOMASILA SOLAR POWER LIMITED,BHARATIYA JANATA PARTY,50000000,5.0000,5
ARIZONAGLOBALSERVICESPVTLTDBR,BHARATIYA JANATA PARTY,50000000,5.0000,5
DCM SHRIRAM LTD,BHARATIYA JANATA PARTY,50000000,5.0000,5
PCBL LIMITED,BHARAT RASHTRA SAMITHI,50000000,5.0000,5
RITHWIK PROJECTS  PRIVATE LIMITED,TELUGU DESAM PARTY,50000000,5.0000,5
NSL RENEWABLE POWER PRIVATE LIMITED,BHARAT RASHTRA SAMITHI,50000000,5.0000,5
GREENKO MP01 IREP PRIVATE LIMITED,BHARATIYA JANATA PARTY,50000000,5.0000,5
KCR ENTERPRISE LLP,JANATA DAL ( SECULAR ),50000000,5.0000,5
ILABS HYD TECHNOLOGY CENTRE PVT LTD,JANATA DAL ( SECULAR ),50000000,5.0000,5
HONOUR LAB LIMITED,BHARAT RASHTRA SAMITHI,50000000,5.0000,5
SWAMI FUELS PRIVATE LIMITED,BHARATIYA JANATA PARTY,50000000,5.0000,5
SARDA ENERGY AND MINERALS LTD,BHARATIYA JANATA PARTY,50000000,5.0000,5
AUGMONT ENTERPRISES PRIVATE LIMITED,BHARATIYA JANATA PARTY,50000000,5.0000,5
MOHIT MINERALS  LTD,BHARATIYA JANATA PARTY,50000000,5.0000,5
MB POWER (MADHYA PRADESH) LTD,BHARAT RASHTRA SAMITHI,50000000,5.0000,5
VEDANTA LIMITED,JHARKHAND MUKTI MORCHA,50000000,5.0000,5
INTERGLOBE AVIATION LIMITED,"PRESIDENT, ALL INDIA CONGRESS COMMITTEE",50000000,5.0000,5
DCM SHRIRAM LIMITED,BHARATIYA JANATA PARTY,50000000,5.0000,5
MEGHA ENGINEERING AND INFRASTRUCTURES LI MITED,JANATA DAL ( SECULAR ),50000000,5.0000,5
SKEIRON RENEWABLE ENERGY AMIDYALA PRIVATE LIMITED,YSR  CONGRESS PARTY  (YUVAJANA SRAMIKA RYTHU CONGRESS PARTY),50000000,5.0000,5
N A R INFRA PRIVATE LIMITED,TELUGU DESAM PARTY,50000000,5.0000,5
GREENKO ANANTAPUR WIND POWER PRIVATE LIMITED,YSR  CONGRESS PARTY  (YUVAJANA SRAMIKA RYTHU CONGRESS PARTY),50000000,5.0000,5
NSL SEZ HYDERABAD PRIVATE LIMITED,BHARAT RASHTRA SAMITHI,50000000,5.0000,5
D S ENGINEERING WORKS LLP,BIJU JANATA DAL,50000000,5.0000,5
MAATHA PROJECTS LLP,TELUGU DESAM PARTY,50000000,5.0000,5
GAJA ENGINEERING PVT LTD,BHARAT RASHTRA SAMITHI,50000000,5.0000,5
HINDYS LAB PVT. LTD. (PREVIOUSLY HIND LI FE SCIENCES PVT LTD),BHARAT RASHTRA SAMITHI,50000000,5.0000,5
BIOLOGICAL E LIMITED,BHARAT RASHTRA SAMITHI,50000000,5.0000,5
VASAVI  AVENUES LLP,BHARAT RASHTRA SAMITHI,50000000,5.0000,5
MODERN ROAD MAKERS PVT LTD,BHARAT RASHTRA SAMITHI,50000000,5.0000,5
VIVA HIGHWAYS  LTD,BHARATIYA JANATA PARTY,50000000,5.0000,5
ASHOKA  MUDHOL NIPANI ROADS LIMITED,BHARATIYA JANATA PARTY,50000000,5.0000,5
HH IRON AND STEEL PRIVATE LIMITED,BIJU JANATA DAL,50000000,5.0000,5
FUTURE GAMING AND HOTEL SERVICES PR,SIKKIM DEMOCRATIC FRONT,50000000,5.0000,5
MKK METAL SECTIONS P LTD,BHARATIYA JANATA PARTY,50000000,5.0000,5
PRARAMBH SECURITIES PVT LTDPROPRIET,"PRESIDENT, ALL INDIA CONGRESS COMMITTEE",50000000,5.0000,5
SASMAL INFRASTRUCTURE PRIVATE LIMITED,BHARATIYA JANATA PARTY,50000000,5.0000,5
ASISH FINANCE PRIVATE LIMITED,ALL INDIA TRINAMOOL CONGRESS,50000000,5.0000,23
GVPR ENGINEERS LTD,BHARATIYA JANATA PARTY,50000000,5.0000,5
BAIN GLOBAL RESOURCES LLP,BHARATIYA JANATA PARTY,50000000,5.0000,5
DIVI S LABORATORIES LIMITED,"PRESIDENT, ALL INDIA CONGRESS COMMITTEE",50000000,5.0000,5
AKSHAT GREENTECH PRIVATE LIMITED,BHARAT RASHTRA SAMITHI,50000000,5.0000,5
HETERO BIOPHARMA LIMITED,BHARATIYA JANATA PARTY,50000000,5.0000,5
DASAMI LAB PRIVATE LIMITED (FORMERLY HEL IUS LAB PVT LTD),"PRESIDENT, ALL INDIA CONGRESS COMMITTEE",50000000,5.0000,5
HETERO LABS LIMITED,BHARATIYA JANATA PARTY,50000000,5.0000,5
SELMAR LAB  PRIVATE LIMITED,BHARATIYA JANATA PARTY,50000000,5.0000,5
THRIVENI EARTHMOVERS PVT LTD,BIJU JANATA DAL,50000000,5.0000,5
MY HOME INFRASTRUCTURES PVT LTD MY,BHARATIYA JANATA PARTY,50000000,5.0000,5
SEPC POWER PVT LTD OPERATION RETEN,TELUGU DESAM PARTY,50000000,5.0000,5
SEPC POWER PVT LTD OPERATION RETEN,BHARATIYA JANATA PARTY,50000000,5.0000,5
CHIRON BEHRING VACCINES PVT LTD,TELUGU DESAM PARTY,50000000,5.0000,5
NATCO PHARMA LTD,JANASENA PARTY,50000000,5.0000,5
GVPR ENGINEERS LTD,"PRESIDENT, ALL INDIA CONGRESS COMMITTEE",50000000,5.0000,5
WELSPUN LIVING LIMITED,BHARAT RASHTRA SAMITHI,50000000,5.0000,5
INORBIT MALLS  INDIA  PRIVATE LIMIT,BHARAT RASHTRA SAMITHI,50000000,5.0000,5
VEDIKA VANIJYA PVT LTD-SELF A/C,"PRESIDENT, ALL INDIA CONGRESS COMMITTEE",50000000,5.0000,5
ASIAN TRADING CORPORATION LIMITED,AAM AADMI PARTY,50000000,5.0000,5
TORRENT PHARMACEUTICALS LIMITED,"PRESIDENT, ALL INDIA CONGRESS COMMITTEE",50000000,5.0000,5
TORRENT  POWER  LIMITED,AAM AADMI PARTY,50000000,5.0000,5
GENUS POWER,"PRESIDENT, ALL INDIA CONGRESS COMMITTEE",50000000,5.0000,5
ROSHNI DEALMARK PRIVATE LTD,BIJU JANATA DAL,50000000,5.0000,5
FASTWAY TRANSMISSIONS PVT LTD,SHIROMANI AKALI DAL,50000000,5.0000,5
TRIDENT LIMITED,"PRESIDENT, ALL INDIA CONGRESS COMMITTEE",50000000,5.0000,5
GENUS POWER INFRASTRUCTURES LIMITED,"PRESIDENT, ALL INDIA CONGRESS COMMITTEE",50000000,5.0000,5
BIOVET PVT LTD,TELUGU DESAM PARTY,50000000,5.0000,5
RCC NUTRA FILL PRIVATE LIMITED,TELUGU DESAM PARTY,50000000,5.0000,5
PRESTIGE PROJECTS PVT LTD,"PRESIDENT, ALL INDIA CONGRESS COMMITTEE",50000000,5.0000,5
PRESTIGE PROJECTS PVT LTD,BHARAT RASHTRA SAMITHI,50000000,5.0000,5
PRESTIGE GARDEN ESTATES PRIVATE LIM,BHARAT RASHTRA SAMITHI,50000000,5.0000,5
VIJAYKUMARMISHRACONSTRUCTIONPVT,BHARATIYA JANATA PARTY,50000000,5.0000,5
PRESTIGE ESTATES PROJECTS LTD PREST,BHARATIYA JANATA PARTY,50000000,5.0000,5
PHILIPS CARBON BLACK LTD,ALL INDIA TRINAMOOL CONGRESS,50000000,5.0000,14
RADICO KHAITAN LIMITED,BHARATIYA JANATA PARTY,50000000,5.0000,5
MYTRAH ENERGY(INDIA) PRIVATE LIMITED,BHARAT RASHTRA SAMITHI,50000000,5.0000,5
RENUKESHWAR INVESTMENTS PVT LTD,BHARATIYA JANATA PARTY,50000000,5.0000,5
RENUKA INVESTMENTS AND FINANCE LTD,BHARATIYA JANATA PARTY,50000000,5.0000,5
PRL DEVELOPERS PRIVATE LIMITED,SHIVSENA,50000000,5.0000,5
PRL DEVELOPERS PRIVATE LIMITED,"PRESIDENT, ALL INDIA CONGRESS COMMITTEE",50000000,5.0000,5
"AISHWARYA BUSINESS CORPORATION PVT, LTD",BHARATIYA JANATA PARTY,50000000,5.0000,14
SHANKARRESOURCESPVTLTD,BHARATIYA JANATA PARTY,50000000,5.0000,5
DERIVE TRADING AND RESORTS PRIVATE LIMIT,BHARATIYA JANATA PARTY,50000000,5.0000,5
WELSPUN CORP LTD,"PRESIDENT, ALL INDIA CONGRESS COMMITTEE",50000000,5.0000,5
FAMY ENERGY PRIVATE LIMITED,BHARATIYA JANATA PARTY,50000000,5.0000,5
K AMISH KUMAR TRADING PVT LTD,BHARATIYA JANATA PARTY,50000000,5.0000,5
THAKUR PRASAD SAO & SONS PVT LT,BHARATIYA JANATA PARTY,50000000,5.0000,14
ORIENTAL SOUTH DELHI HOTELS PVT LTD,BHARATIYA JANATA PARTY,50000000,5.0000,5
J K CEMENT LIMITED,BHARATIYA JANATA PARTY,50000000,5.0000,5
HINDUSTAN TEXTILES,BHARATIYA JANATA PARTY,50000000,5.0000,5
D S ENGINEERING WORKSHOP LLP,BHARATIYA JANATA PARTY,50000000,5.0000,14
GOODLUCK INDIA LTD,BHARATIYA JANATA PARTY,50000000,5.0000,5
LALITPUR POWER GENERATION COMPANY LIMITED,BHARATIYA JANATA PARTY,50000000,5.0000,5
AJAY METALLOYS PVT LTD,BHARATIYA JANATA PARTY,50000000,5.0000,5
SALASAR STOCK BROKING LTD-PROPRIETARY,ALL INDIA TRINAMOOL CONGRESS,50000000,5.0000,5
RAJAPUSHPA ASSET MANAGEMENT LLP,BHARAT RASHTRA SAMITHI,50000000,5.0000,5
MEGHA ENGINEERING & INFRASTRUCTURES LIMITED,BHARATIYA JANATA PARTY,50000000,5.0000,5
BRICKS INFRATECH LLP,BHARAT RASHTRA SAMITHI,50000000,5.0000,5
J K CEMENT LTD.,"PRESIDENT, ALL INDIA CONGRESS COMMITTEE",50000000,5.0000,50
VILLAGE DE NANDI PVT LTD RERA DESIG,BHARATIYA JANATA PARTY,50000000,5.0000,50
ITC LIMITED,ALL INDIA TRINAMOOL CONGRESS,49546000,4.9546,28
BALU CEMENT CORPORATION,BHARATIYA JANATA PARTY,45000000,4.5000,9
HEENA STEEL LLP,BHARATIYA JANATA PARTY,45000000,4.5000,9
ARROW PROJECTS PVT LTD,ALL INDIA TRINAMOOL CONGRESS,45000000,4.5000,36
ASIAN AGRI GENETICS LIMITED,BHARAT RASHTRA SAMITHI,45000000,4.5000,9
ASHOKA HUNGUND TALIKOT ROAD LTD,BHARATIYA JANATA PARTY,45000000,4.5000,9
MY HOME INFRASTRUCTURES PVT LTD MY,"PRESIDENT, ALL INDIA CONGRESS COMMITTEE",45000000,4.5000,9
LOTUS TEXPARK LIMITED FORMERLY LOTUS INT EGRATED TEXPARK LTD,BHARATIYA JANATA PARTY,45000000,4.5000,9
STAR CEMENT MEGHALAYA LIMITED,"PRESIDENT, ALL INDIA CONGRESS COMMITTEE",45000000,4.5000,9
BALU IRON & STEEL COMPANY,BHARATIYA JANATA PARTY,40000000,4.0000,4
IFB AGRO INDUSTRIES LIMITED,AAM AADMI PARTY,40000000,4.0000,4
MEGHA ENGINEERING AND INFRASTRUCTURES LI MITED,JANASENA PARTY,40000000,4.0000,4
ACHINTYA SOLAR POWER PRIVATE LIMITED,BHARAT RASHTRA SAMITHI,40000000,4.0000,4
HANSVAHINI AUTO INTERIOR PVT LTD,BHARATIYA JANATA PARTY,40000000,4.0000,4
BESSEGGENINFOTECHLLP,BHARAT RASHTRA SAMITHI,40000000,4.0000,13
VERTEX VEGA DEVELOPERS LLP,BHARAT RASHTRA SAMITHI,40000000,4.0000,4
EAGLE INFRA INDIA LTD,BHARATIYA JANATA PARTY,40000000,4.0000,4
HERALD BEVERAGES PRIVATE LIMITED,DRAVIDA MUNNETRA KAZHAGAM (DMK),40000000,4.0000,4
ABHINANDANSTOCKBROKINGPVTLTD,ALL INDIA TRINAMOOL CONGRESS,40000000,4.0000,4
ASHOKA BAGEWADI SAUNDATTI ROAD LIMITED,BHARATIYA JANATA PARTY,40000000,4.0000,4
INFRASTRUCTURE LOGISTICS PVT LTD,BHARATIYA JANATA PARTY,40000000,4.0000,4
JAI GANESH ISPAT AND FERRO ALLOYS PVT LTD,BHARATIYA JANATA PARTY,40000000,4.0000,4
ARDENT STEEL LIMITED,BIJU JANATA DAL,40000000,4.0000,4
ARVINDINFRACONLLP,BHARATIYA JANATA PARTY,40000000,4.0000,4
OMKAR VENTURES PVT LTD,BHARATIYA JANATA PARTY,40000000,4.0000,4
INOX AIR PRODUCTS LTD,BHARATIYA JANATA PARTY,40000000,4.0000,4
SHREE CEMENT LTD,"PRESIDENT, ALL INDIA CONGRESS COMMITTEE",40000000,4.0000,4
TAQUITO LEASE OPERATORS PVT. LTD,BHARATIYA JANATA PARTY,40000000,4.0000,4
KEJRIWAL MIINIING PRIVATE LIMITED,ALL INDIA TRINAMOOL CONGRESS,40000000,4.0000,13
THE INDIA CEMENTS LTD,DRAVIDA MUNNETRA KAZHAGAM (DMK),40000000,4.0000,4
BESSEGGEN INFOTECH LLP,"PRESIDENT, ALL INDIA CONGRESS COMMITTEE",40000000,4.0000,13
KVR BASELINE RESOURCES PRIVATE LIMI,ALL INDIA TRINAMOOL CONGRESS,40000000,4.0000,4
UM CABLES LIMITED,BHARATIYA JANATA PARTY,40000000,4.0000,40
INDIA GLYCOLS LTD,BHARATIYA JANATA PARTY,39900000,3.9900,21
TORRENT  POWER  LIMITED,NATIONALIST CONGRESS PARTY MAHARASHTRA PRADESH,35000000,3.5000,8
IPCA LABORATORIES LIMITED,SIKKIM KRANTIKARI MORCHA,35000000,3.5000,17
PRAGATI ENTERPRISES,BHARATIYA JANATA PARTY,35000000,3.5000,8
TSHARKS INFRA DEVELOPERS PRIVATE LI,BHARAT RASHTRA SAMITHI,35000000,3.5000,8
SOUTH ASIA FM LIMITED,DRAVIDA MUNNETRA KAZHAGAM (DMK),35000000,3.5000,8
KAL RADIO LIMITED,DRAVIDA MUNNETRA KAZHAGAM (DMK),35000000,3.5000,8
M/S. K.D. LIQUOR  FERTILIZER PRIVATE L,ALL INDIA TRINAMOOL CONGRESS,35000000,3.5000,8
VEDANTA LTD,BHARATIYA JANATA PARTY,35000000,3.5000,17
M S  VARAS INTERNATIONAL PVT LTD,ALL INDIA TRINAMOOL CONGRESS,33000000,3.3000,33
PALM SHELTER ESTATE DEVELOPMENT LLP,"PRESIDENT, ALL INDIA CONGRESS COMMITTEE",32500000,3.2500,10
CAPSTAN TRADING LLP,"PRESIDENT, ALL INDIA CONGRESS COMMITTEE",32500000,3.2500,10
RITESH PROJECTS PVT LTD,ALL INDIA TRINAMOOL CONGRESS,31000000,3.1000,13
PENGUIN TRADING AND AGENCIES LTD,BIJU JANATA DAL,30000000,3.0000,3
NETINCON MARKETING PVT LTD,ALL INDIA TRINAMOOL CONGRESS,30000000,3.0000,3
RIPLEY AND CO. STEVEDORING & HANDLING PVT LTD,ALL INDIA TRINAMOOL CONGRESS,30000000,3.0000,3
AVEES TRADING AND FINANCE PVT LTD,BIJU JANATA DAL,30000000,3.0000,3
SPPL PROPERTY MANAGEMENT PVT LTD,BHARATIYA JANATA PARTY,30000000,3.0000,3
LOUISIANA INVESTMENT   FINANCE PVT,"PRESIDENT, ALL INDIA CONGRESS COMMITTEE",30000000,3.0000,3
CASA MARIA PROPERTIES LLP,"PRESIDENT, ALL INDIA CONGRESS COMMITTEE",30000000,3.0000,3
AJANTA PHARMA LTD,BHARATIYA JANATA PARTY,30000000,3.0000,3
BENGAL VIPANAPAN PRIVATE LIMITED,BIJU JANATA DAL,30000000,3.0000,3
RAJDHANI DEALERS PRIVATE LIMITED,ALL INDIA TRINAMOOL CONGRESS,30000000,3.0000,3
GREENKO RAYALA WIND POWER PVT LTD,BHARAT RASHTRA SAMITHI,30000000,3.0000,3
GREENKO BUDHIL HYDRO POWER PVT LTD,BHARAT RASHTRA SAMITHI,30000000,3.0000,3
TANOT WIND POWER VENTURES PVT LTD,YSR  CONGRESS PARTY  (YUVAJANA SRAMIKA RYTHU CONGRESS PARTY),30000000,3.0000,3
DR REDDYS LABORATORIES LIMITED,TELUGU DESAM PARTY,30000000,3.0000,3
RPSG VENTURES LIMITED,ALL INDIA TRINAMOOL CONGRESS,30000000,3.0000,3
ARAVALI TECHNICAL SERVICES PVT LTD,"PRESIDENT, ALL INDIA CONGRESS COMMITTEE",30000000,3.0000,3
ZYDUS HEALTHCARE LIMITED,"PRESIDENT, ALL INDIA CONGRESS COMMITTEE",30000000,3.0000,3
NIRMA LIMITED,BHARATIYA JANATA PARTY,30000000,3.0000,3
ARVIND  LIMITED,BHARATIYA JANATA PARTY,30000000,3.0000,3
DINESHCHANDRA R AGRAWAL INFRACON PVT LTD,SHIVSENA,30000000,3.0000,3
PIRAMAL PHARMA LIMITED,BHARATIYA JANATA PARTY,30000000,3.0000,3
YOGA BUILDERS PVT LTD,BHARAT RASHTRA SAMITHI,30000000,3.0000,3
MARAL OVERSEAS LTD.,BHARATIYA JANATA PARTY,30000000,3.0000,3
RSLH AUTO SEAT TRIMS PVT LTD,BHARATIYA JANATA PARTY,30000000,3.0000,3
GORJA STEEL PROCESSORS,"PRESIDENT, ALL INDIA CONGRESS COMMITTEE",30000000,3.0000,3
THRIVENI SAINIK MINING PRIVATE LIMI,JHARKHAND MUKTI MORCHA,30000000,3.0000,3
JINDAL STEEL AND POWER LIMITED,BHARATIYA JANATA PARTY,30000000,3.0000,3
AXIS WIND FARMS (MPR DAM) PRIVATE L,YSR  CONGRESS PARTY  (YUVAJANA SRAMIKA RYTHU CONGRESS PARTY),30000000,3.0000,3
SOHINI DEVELOPERS LLP,BHARAT RASHTRA SAMITHI,30000000,3.0000,3
VAMSIRAM BUILDERS LLP,BHARAT RASHTRA SAMITHI,30000000,3.0000,3
GREENKO URAVAKONDA WIND POWER PRIVA,YSR  CONGRESS PARTY  (YUVAJANA SRAMIKA RYTHU CONGRESS PARTY),30000000,3.0000,3
VAMSIRAM DEVELOPERS LLP,BHARAT RASHTRA SAMITHI,30000000,3.0000,3
SIGMA ADVANCED SYSTEMS PRIVATE LIMI,JANATA DAL ( SECULAR ),30000000,3.0000,3
MYTRAH ENERGY INDIA PRIVATE LIMITED,"PRESIDENT, ALL INDIA CONGRESS COMMITTEE",30000000,3.0000,3
FUTURE GAMING AND HOTEL SERVICES PVT LTD,SIKKIM KRANTIKARI MORCHA,30000000,3.0000,3
SYNERGY DEALCOM PVT LTD-SELF A/C,ALL INDIA TRINAMOOL CONGRESS,30000000,3.0000,3
NUVOCO VISTAS CORP. LTD,"PRESIDENT, ALL INDIA CONGRESS COMMITTEE",30000000,3.0000,3
YUVAN TRADING   CONSULTANCY LLP,SHIVSENA,30000000,3.0000,3
PRASAD AND COMPANY PRIVATE LIMITED,BHARATIYA JANATA PARTY,30000000,3.0000,3
NATCO PHARMA LTD,YSR  CONGRESS PARTY  (YUVAJANA SRAMIKA RYTHU CONGRESS PARTY),30000000,3.0000,3
GRANULES INDIA LIMITED,TELUGU DESAM PARTY,30000000,3.0000,3
MVM SECURITIES PVT LTD-SELF A/C,"PRESIDENT, ALL INDIA CONGRESS COMMITTEE",30000000,3.0000,21
KAYPEE ENTERPRISES,"PRESIDENT, ALL INDIA CONGRESS COMMITTEE",30000000,3.0000,3
MICRO LABS LTD,"PRESIDENT, ALL INDIA CONGRESS COMMITTEE",30000000,3.0000,3
TORRENT  POWER  LIMITED,SHIVSENA,30000000,3.0000,3
TORRENT PHARMACEUTICALS LTD,ADYAKSHA SAMAJVADI PARTY,30000000,3.0000,3
KRISHNA SHEET PROCESSORS PVT LTD,BHARATIYA JANATA PARTY,30000000,3.0000,12
GENUS POWER INFRASTRUCTURES LTD,"PRESIDENT, ALL INDIA CONGRESS COMMITTEE",30000000,3.0000,3
ARVINDBEAUTYBRANDSRETAILPVTLTD,BHARATIYA JANATA PARTY,30000000,3.0000,3
WONDER MINERALS  PVT LTD.,"PRESIDENT, ALL INDIA CONGRESS COMMITTEE",30000000,3.0000,3
MSPL LTD,"PRESIDENT, ALL INDIA CONGRESS COMMITTEE",30000000,3.0000,3
ST PATRICKS REALTY PVT LTD,BHARATIYA JANATA PARTY,30000000,3.0000,3
VARDHMAN TEXTILES LIMITED,BHARATIYA JANATA PARTY,30000000,3.0000,12
APOLLO TYRES LIMITED,"PRESIDENT, ALL INDIA CONGRESS COMMITTEE",30000000,3.0000,3
JINDAL POLY FILMS LIMITED,BHARATIYA JANATA PARTY,30000000,3.0000,3
SMR AUTOMOTIVE SYSTEMS INDIA LTD,BHARATIYA JANATA PARTY,30000000,3.0000,3
OMKAR REALTORS PROJECTS PVT LTD,BHARATIYA JANATA PARTY,30000000,3.0000,3
WELSPUN ENTERPRISES LTD,"PRESIDENT, ALL INDIA CONGRESS COMMITTEE",30000000,3.0000,3
ZENSAR TECHNOLOGIES LTD,BHARATIYA JANATA PARTY,30000000,3.0000,3
JMC PROJECTS  INDIA  LTD,BHARATIYA JANATA PARTY,30000000,3.0000,3
ULTRA TECH CEMENT LIMITED,SHIVSENA,30000000,3.0000,12
GENEXT HARDWARE   PARKS PVT. LTD,SHIVSENA,30000000,3.0000,3
OM CREDIT PVT LTD,ALL INDIA TRINAMOOL CONGRESS,30000000,3.0000,3
SKP MERCHANTS LLP,ALL INDIA TRINAMOOL CONGRESS,30000000,3.0000,3
SUN DISTRIBUTION SERVICES PVT LTD,DRAVIDA MUNNETRA KAZHAGAM (DMK),30000000,3.0000,3
THRIVENI EARTH MOVERS PVT LTD,DRAVIDA MUNNETRA KAZHAGAM (DMK),30000000,3.0000,3
D R POLYMERS PVT LTD,"PRESIDENT, ALL INDIA CONGRESS COMMITTEE",30000000,3.0000,3
D R INTERNATIONAL PRIVATE LIMITED,"PRESIDENT, ALL INDIA CONGRESS COMMITTEE",30000000,3.0000,3
AUROBINDO PHARMA LTD,BHARATIYA JANATA PARTY,30000000,3.0000,12
MUTHOOT FINANCE LTD,BHARATIYA JANATA PARTY,30000000,3.0000,30
KEYSTONE REALTORS PVT LTD,BHARATIYA JANATA PARTY,30000000,3.0000,30
SHYAM STEEL MANUFACTURING LTD. (FLY SOVA  ISPAT LTD.),BHARATIYA JANATA PARTY,30000000,3.0000,30
TRANSWAYS EXIM PVT LTD,"PRESIDENT, ALL INDIA CONGRESS COMMITTEE",30000000,3.0000,30
BMW INFRASTRUCTURE LLP,"PRESIDENT, ALL INDIA CONGRESS COMMITTEE",26000000,2.6000,8
ANBEE CONSTRUCTIONS LLP,"PRESIDENT, ALL INDIA CONGRESS COMMITTEE",25000000,2.5000,7
CAPE TRADING LLP,"PRESIDENT, ALL INDIA CONGRESS COMMITTEE",25000000,2.5000,7
RAGHUKOOL ESTATE DEVELOPMENT LLP,"PRESIDENT, ALL INDIA CONGRESS COMMITTEE",25000000,2.5000,7
DASAMI LAB PRIVATE LTD,BHARAT RASHTRA SAMITHI,25000000,2.5000,7
DANIKA TRADERS PRIVATE LTD,BHARAT RASHTRA SAMITHI,25000000,2.5000,7
R   R INFRATECH  INDIA  PRIVATE LIM,BHARAT RASHTRA SAMITHI,25000000,2.5000,16
PRUDHVI CONSTRUCTIONS PRIVATE LIMIT,BHARAT RASHTRA SAMITHI,25000000,2.5000,16
PURULIA BOTTLING PVT LTD,RASHTRIYA JANTA DAL,25000000,2.5000,7
SPECO INFRASTRUCTURES,BHARATIYA JANATA PARTY,25000000,2.5000,7
MTC ISPAT PVT LTD,"PRESIDENT, ALL INDIA CONGRESS COMMITTEE",25000000,2.5000,7
AJAY METALLOYS PVT LTD,"PRESIDENT, ALL INDIA CONGRESS COMMITTEE",25000000,2.5000,7
GOODLUCK  INDIA LIMITED,"PRESIDENT, ALL INDIA CONGRESS COMMITTEE",25000000,2.5000,7
KALPTARU INVESTMENTS PVT.LTD.  PROP,ALL INDIA TRINAMOOL CONGRESS,25000000,2.5000,16
PURULIA BOTTLING PVT LTD,ALL INDIA TRINAMOOL CONGRESS,25000000,2.5000,25
RATNAMANI METALS AND TUBES LTD,BHARATIYA JANATA PARTY,25000000,2.5000,7
K K RESOURCES PRIVATE LIMITED,BHARATIYA JANATA PARTY,25000000,2.5000,7
SAROSH ALIZAH MINING,BHARATIYA JANATA PARTY,25000000,2.5000,7
COMFORT TRIMS PRIVATE LIMITED,BHARATIYA JANATA PARTY,25000000,2.5000,7
AUROBINDO PHARMA LIMITED,TELUGU DESAM PARTY,25000000,2.5000,7
MAHALAXMI VIDYUT PVT.LTD.,NATIONALIST CONGRESS PARTY MAHARASHTRA PRADESH,25000000,2.5000,7
MAHALAXMI VIDYUT PVT.LTD.,SHIVSENA,25000000,2.5000,7
JMS MINING  PRIVATE LIMITED,ALL INDIA TRINAMOOL CONGRESS,25000000,2.5000,7
SILVERTOSS SECURITIES PVT LTD,BHARATIYA JANATA PARTY,25000000,2.5000,7
MKK METAL SECTIONS PVT LTD,BHARATIYA JANATA PARTY,25000000,2.5000,7
LAURELSECURITIESPVTLTD,ALL INDIA TRINAMOOL CONGRESS,25000000,2.5000,7
R.S.BROTHERS RETAIL INDIA PRIVATE LIMITE D,BHARAT RASHTRA SAMITHI,25000000,2.5000,7
BIGC MOBILES PVT LTD,BHARAT RASHTRA SAMITHI,25000000,2.5000,7
BESSEGGENINFOTECHLLP,ALL INDIA TRINAMOOL CONGRESS,25000000,2.5000,25
AMAR SECURITIES PVT LTD,"PRESIDENT, ALL INDIA CONGRESS COMMITTEE",25000000,2.5000,25
M/S T S WIND POWER DEVELOPERS,BHARATIYA JANATA PARTY,23000000,2.3000,5
SERVEALL LAND DEVELOPERS PVT LTD,"PRESIDENT, ALL INDIA CONGRESS COMMITTEE",22500000,2.2500,9
CIPLA LIMITED,"PRESIDENT, ALL INDIA CONGRESS COMMITTEE",22000000,2.2000,4
V M SALGAOCAR CORPORATION PVT LTD,BHARATIYA JANATA PARTY,22000000,2.2000,22
CAPSTAN TRADING LLP,BHARAT RASHTRA SAMITHI,20000000,2.0000,2
BALRAMPUR CHINI MILLS LTD,BHARATIYA JANATA PARTY,20000000,2.0000,2
ANANT UDYOG LLP,"PRESIDENT, ALL INDIA CONGRESS COMMITTEE",20000000,2.0000,2
KIRITI VENTURES PRIVATE LIMITED,TELUGU DESAM PARTY,20000000,2.0000,2
GREAT EASTERN STORES PVT LTD,ALL INDIA TRINAMOOL CONGRESS,20000000,2.0000,2
BIRLAESTATESPRIVATELIMITED,SHIVSENA,20000000,2.0000,2
PRARAMBH SECURITIES PVT LTDPROPRIET,SHIVSENA,20000000,2.0000,2
BENGAL VIPANAPAN PRIVATE LIMITED,ALL INDIA TRINAMOOL CONGRESS,20000000,2.0000,2
MONALISA BOTTLING INDUSTRIES PVT LTD,BIJU JANATA DAL,20000000,2.0000,11
MANU VYAPAR (P) LTD.,BIJU JANATA DAL,20000000,2.0000,2
ELITE DEVELOPERS,BHARAT RASHTRA SAMITHI,20000000,2.0000,2
GREENKO SUMEZ HYDRO ENERGIES PVT LTD,BHARAT RASHTRA SAMITHI,20000000,2.0000,2
SAROJA RENEWABLES PRIVATE LIMITED,BHARAT RASHTRA SAMITHI,20000000,2.0000,2
SEI ENERSTAR RENEWABLE ENRGY PVT LTD,BHARAT RASHTRA SAMITHI,20000000,2.0000,2
AASHMAN ENERGY PVT LTD,BHARAT RASHTRA SAMITHI,20000000,2.0000,2
PRATYASH RENEWABLE PRIVATE LIMITED,BHARAT RASHTRA SAMITHI,20000000,2.0000,2
SEI MIHIR ENERGY PVT LTD,BHARAT RASHTRA SAMITHI,20000000,2.0000,2
SHREYAS RENEWABLE ENERGY PVT LTD,BHARAT RASHTRA SAMITHI,20000000,2.0000,2
ZUVAN ENERGY PVT LTD,BHARAT RASHTRA SAMITHI,20000000,2.0000,2
SEI BASKARA POWER PVT LTD,BHARAT RASHTRA SAMITHI,20000000,2.0000,2
DIVYESH POWER PVT LTD,YSR  CONGRESS PARTY  (YUVAJANA SRAMIKA RYTHU CONGRESS PARTY),20000000,2.0000,2
ELENA RENEWABLE ENERGY PVT LTD,YSR  CONGRESS PARTY  (YUVAJANA SRAMIKA RYTHU CONGRESS PARTY),20000000,2.0000,2
RT RENEWABLE ENERGY PVT LTD,BHARAT RASHTRA SAMITHI,20000000,2.0000,2
SEI VENUS PVT LTD,BHARAT RASHTRA SAMITHI,20000000,2.0000,2
SANOLA WIND PROJECT PVT LTD,BHARAT RASHTRA SAMITHI,20000000,2.0000,2
SUNBORNE ENERGY ANDHRA PVT LTD,BHARAT RASHTRA SAMITHI,20000000,2.0000,2
SEI DIAMOND PVT LTD,YSR  CONGRESS PARTY  (YUVAJANA SRAMIKA RYTHU CONGRESS PARTY),20000000,2.0000,2
NATCO PHARMA LIMITED,BHARATIYA JANATA PARTY,20000000,2.0000,2
VISHVARUPA SOLAR POWER PRIVATE LIMITED,BHARAT RASHTRA SAMITHI,20000000,2.0000,2
TEKREANT INDIA PRIVATE LIMITED,TELUGU DESAM PARTY,20000000,2.0000,2
AMARAVATI TEKSYSTEMS PRIVATE LIMITE,TELUGU DESAM PARTY,20000000,2.0000,2
BIRD WORLDWIDE FLIGHT SERVICES INDI,AAM AADMI PARTY,20000000,2.0000,2
LAURELSECURITIESPVTLTD,BHARAT RASHTRA SAMITHI,20000000,2.0000,2
HERALD BEVERAGES PRIVATE LIMITED,RASHTRIYA JANTA DAL,20000000,2.0000,2
THE ANGUS COMPANY LIMITED,BHARAT RASHTRA SAMITHI,20000000,2.0000,2
EFICENS SOFTWARE SERVICES PVT LTD,TELUGU DESAM PARTY,20000000,2.0000,2
PRABHAT HOMES PRIVATE LIMITED,BHARAT RASHTRA SAMITHI,20000000,2.0000,2
RANJIT BUILDCON LIMITED,SHIVSENA,20000000,2.0000,2
RANJIT TOLL ROAD PRIVATE LIMITED,SHIVSENA,20000000,2.0000,2
CHHATTISGARH DISTILLERIES LIMITED,"PRESIDENT, ALL INDIA CONGRESS COMMITTEE",20000000,2.0000,2
PUJA COAL PRIVATE LIMITED,JHARKHAND MUKTI MORCHA,20000000,2.0000,2
JINDAL SAW LIMITED,"PRESIDENT, ALL INDIA CONGRESS COMMITTEE",20000000,2.0000,2
BLUESTONE COMMODITIES LLP,BHARATIYA JANATA PARTY,20000000,2.0000,2
AARISH SOLAR POWER PRIVATE LIMITED,YSR  CONGRESS PARTY  (YUVAJANA SRAMIKA RYTHU CONGRESS PARTY),20000000,2.0000,2
MOHAN STEEL CORPORATION,"PRESIDENT, ALL INDIA CONGRESS COMMITTEE",20000000,2.0000,2
ANIMALA WIND POWER PRIVATE LIMITED,YSR  CONGRESS PARTY  (YUVAJANA SRAMIKA RYTHU CONGRESS PARTY),20000000,2.0000,2
NIMBHA BIOTECH PRIVATE LIMITED,JANATA DAL ( SECULAR ),20000000,2.0000,2
SLRV HOMES LLP,TELUGU DESAM PARTY,20000000,2.0000,2
NVNR POWER   INFRA PRIVATE LIMITED,BHARAT RASHTRA SAMITHI,20000000,2.0000,2
ASISH FINANCE PRIVATE LIMITED,"PRESIDENT, ALL INDIA CONGRESS COMMITTEE",20000000,2.0000,2
GREENKO RAYALA WIND POWER PRIVATE LIMITE D,YSR  CONGRESS PARTY  (YUVAJANA SRAMIKA RYTHU CONGRESS PARTY),20000000,2.0000,2
B G SHIRKE CONSTRUCTION TECHNOLOGY PVT L TD,"PRESIDENT, ALL INDIA CONGRESS COMMITTEE",20000000,2.0000,2
YUVAN TRADING   CONSULTANCY LLP,BHARAT RASHTRA SAMITHI,20000000,2.0000,2
KHANDKE WIND ENERGY PRIVATE LIMITED,YSR  CONGRESS PARTY  (YUVAJANA SRAMIKA RYTHU CONGRESS PARTY),20000000,2.0000,2
DEVARAHIPPARIGI WIND POWER PVT LTD,YSR  CONGRESS PARTY  (YUVAJANA SRAMIKA RYTHU CONGRESS PARTY),20000000,2.0000,2
SKEIRON RENEWABLE ENERGY AMIDYALA P,YSR  CONGRESS PARTY  (YUVAJANA SRAMIKA RYTHU CONGRESS PARTY),20000000,2.0000,2
MAITHRI LABORATORIES (PVT) LTD,BHARATIYA JANATA PARTY,20000000,2.0000,2
MSN ORGANICS PVT LTD,BHARATIYA JANATA PARTY,20000000,2.0000,2
HES INFRA PVT LTD,"PRESIDENT, ALL INDIA CONGRESS COMMITTEE",20000000,2.0000,2
SOMASILA SOLAR POWER LIMITED,TELUGU DESAM PARTY,20000000,2.0000,2
AIC VMR PROJECTS PVT LTD,TELUGU DESAM PARTY,20000000,2.0000,2
VIHAAN AUTO VENTURES PRIVATE LIMITED,TELUGU DESAM PARTY,20000000,2.0000,2
WONDER MARMOSTONES PVT LTD,"PRESIDENT, ALL INDIA CONGRESS COMMITTEE",20000000,2.0000,2
MANU VYAPAR (P) LTD.,"PRESIDENT, ALL INDIA CONGRESS COMMITTEE",20000000,2.0000,2
GUJARAT FLUORO CHEMICALS LIMITED,"PRESIDENT, ALL INDIA CONGRESS COMMITTEE",20000000,2.0000,2
GUWAHATI CARBON LIMITED,BHARATIYA JANATA PARTY,20000000,2.0000,2
"M/S VISION SECURITY SERVICES, PROP-MAJOR  DEVENDRA NATH DAS",BHARATIYA JANATA PARTY,20000000,2.0000,2
TRIDENT LIMITED {FORMERLY ABHISHEK INDUS TRIES LIMITED},"PRESIDENT, ALL INDIA CONGRESS COMMITTEE",20000000,2.0000,2
THE ANUP ENGINEERING,BHARATIYA JANATA PARTY,20000000,2.0000,2
TORRENT POWER LTD,AAM AADMI PARTY,20000000,2.0000,2
SNS CLOTHING PVT LTD,BHARATIYA JANATA PARTY,20000000,2.0000,2
RAMGAD MINERALS AND MINING LTD,"PRESIDENT, ALL INDIA CONGRESS COMMITTEE",20000000,2.0000,2
SWETA ESTATES PVT LTD,BHARATIYA JANATA PARTY,20000000,2.0000,2
BHARTI INFRATEL LIMITED,BHARATIYA JANATA PARTY,20000000,2.0000,2
OM METALS DEVELOPERS (P) LTD.,"PRESIDENT, ALL INDIA CONGRESS COMMITTEE",20000000,2.0000,2
PVR LTD,"PRESIDENT, ALL INDIA CONGRESS COMMITTEE",20000000,2.0000,11
LUMAX INDUSTRIES LIMITED,BHARATIYA JANATA PARTY,20000000,2.0000,2
YASHODA SUPER SPECIALITY HOSPITAL,BHARATIYA JANATA PARTY,20000000,2.0000,2
MODERN ROAD MAKERS PVT LTD,DRAVIDA MUNNETRA KAZHAGAM (DMK),20000000,2.0000,2
K RAHEJA CORP PVT LTD,BHARATIYA JANATA PARTY,20000000,2.0000,2
FINOLEX CABLES LTD,"PRESIDENT, ALL INDIA CONGRESS COMMITTEE",20000000,2.0000,2
JMC PROJECTS  INDIA  LTD,"PRESIDENT, ALL INDIA CONGRESS COMMITTEE",20000000,2.0000,2
ALLANASONS PRIVATE L,SHIVSENA,20000000,2.0000,2
GENEXT HARDWARE   PARKS PVT. LTD,BHARATIYA JANATA PARTY,20000000,2.0000,2
DALMIA BHARAT SUGAR AND INDUSTRIES LTD,BHARATIYA JANATA PARTY,20000000,2.0000,2
GOLDSTONE CEMENTS LTD,ALL INDIA TRINAMOOL CONGRESS,20000000,2.0000,2
RITESH PROJECTS PVT LTD,"PRESIDENT, ALL INDIA CONGRESS COMMITTEE",20000000,2.0000,2
LULU INDIA SHOPPING MALL PRIVATE LI,BHARATIYA JANATA PARTY,20000000,2.0000,2
RAGHUKOOL ESTATE DEVELOPMENT LLP,BHARAT RASHTRA SAMITHI,20000000,2.0000,2
CASA MARIA PROPERTIES LLP,BHARAT RASHTRA SAMITHI,20000000,2.0000,2
CAPE TRADING LLP,BHARAT RASHTRA SAMITHI,20000000,2.0000,2
ANBEE CONSTRUCTIONS LLP,BHARAT RASHTRA SAMITHI,20000000,2.0000,2
PRB SECURITIES PVT LTD,"PRESIDENT, ALL INDIA CONGRESS COMMITTEE",20000000,2.0000,2
SILVERTONE SECURITIES PVT LTD,ALL INDIA TRINAMOOL CONGRESS,20000000,2.0000,2
CROCHET TRADE AND INVESTMENT PVT L,ALL INDIA TRINAMOOL CONGRESS,20000000,2.0000,2
VARSITY EDUCATION MANAGEMENT PVT LIMITED,BHARAT RASHTRA SAMITHI,20000000,2.0000,2
KAMAL TRADING CORPORATION,BHARATIYA JANATA PARTY,20000000,2.0000,20
MOUNT EVEREST BREWERIES LIMITED,BHARATIYA JANATA PARTY,19900000,1.9900,19
MEGA EQUITAS PRIVATE LIMITED,"PRESIDENT, ALL INDIA CONGRESS COMMITTEE",18000000,1.8000,9
TRANSWAYS EXIM PRIVATE LTD,ALL INDIA TRINAMOOL CONGRESS,18000000,1.8000,18
VEDANTA ELECTRICALS PRIVATE LIMITED,YSR  CONGRESS PARTY  (YUVAJANA SRAMIKA RYTHU CONGRESS PARTY),17500000,1.7500,13
PRAKASH DISTILLERY & CHEMICAL CO (P) LT  D,ALL INDIA TRINAMOOL CONGRESS,16580000,1.6580,38
ITC LIMITED,BHARAT RASHTRA SAMITHI,16029000,1.6029,18
MS PEARL GLOBAL INDUSTRIES LTD FORM,BHARATIYA JANATA PARTY,16000000,1.6000,16
PRB SECURITIES PVT LTD,BIJU JANATA DAL,15000000,1.5000,6
CROCHET TRADE AND INVESTMENT PVT LT,ALL INDIA TRINAMOOL CONGRESS,15000000,1.5000,6
RIGHT AID CONSULTANTS PVT LTD,BHARAT RASHTRA SAMITHI,15000000,1.5000,6
RANJIT TOLL ROAD PRIVATE LIMITED,BHARATIYA JANATA PARTY,15000000,1.5000,6
RANJIT PROJECTS PRIVATE LIMITED,BHARATIYA JANATA PARTY,15000000,1.5000,6
BSCPL INFRASTRUCTURE LIMITED,BHARAT RASHTRA SAMITHI,15000000,1.5000,6
BALU CEMENT CORPORATION,BIJU JANATA DAL,15000000,1.5000,6
INTERNATIONAL TRADING CORPORATION,BHARATIYA JANATA PARTY,15000000,1.5000,6
SI AIR SPRINGS PRIVATE LTD,BHARATIYA JANATA PARTY,15000000,1.5000,6
SUNIL ENGINEERING AND SYSTEMS,BHARAT RASHTRA SAMITHI,15000000,1.5000,6
SPECO INFRASTRUCTURE,BHARATIYA JANATA PARTY,15000000,1.5000,6
OM METALS DEVELOPERS (P) LTD.,BHARATIYA JANATA PARTY,15000000,1.5000,6
THE SUPREME INDUSTRIES LTD,BHARATIYA JANATA PARTY,15000000,1.5000,6
OMKAR REALTORS PROJECTS PVT LTD,"PRESIDENT, ALL INDIA CONGRESS COMMITTEE",15000000,1.5000,6
GANNON DUNKERLEY AND CO LIMITED,BHARATIYA JANATA PARTY,15000000,1.5000,6
SHREE CEMENT LIMITED,"PRESIDENT, ALL INDIA CONGRESS COMMITTEE",15000000,1.5000,6
RIGHT AID CONSULTANTS PVT LTD,ALL INDIA TRINAMOOL CONGRESS,15000000,1.5000,6
DERIVE TRADING AND RESORTS PRIVATE LIMIT,"PRESIDENT, ALL INDIA CONGRESS COMMITTEE",15000000,1.5000,15
KAMAL TRADING CORPORATION,"PRESIDENT, ALL INDIA CONGRESS COMMITTEE",15000000,1.5000,15
SRIVAY INDUSTRIES LIMITED,BHARAT RASHTRA SAMITHI,14900000,1.4900,14
SENGUPTA AND SENGUPTA PRIVATE LIMIT,YSR  CONGRESS PARTY  (YUVAJANA SRAMIKA RYTHU CONGRESS PARTY),14000000,1.4000,5
HIMALAYAN ENDEAVOUR PVT LTD,YSR  CONGRESS PARTY  (YUVAJANA SRAMIKA RYTHU CONGRESS PARTY),14000000,1.4000,5
AVON CYCLES LTD,AAM AADMI PARTY,14000000,1.4000,14
AUSTIN PLYWOOD PRIVATE LIMITED FORMERLY  B S PROGRESSIVE PVT,ALL INDIA TRINAMOOL CONGRESS,13000000,1.3000,22
KEYSTONE REALTORS PVT LTD,SHIVSENA,13000000,1.3000,13
JBM INDUSTRIES LIMITED,BHARATIYA JANATA PARTY,12500000,1.2500,8
CRYSTAL TEA INDIA PVT LTD,ALL INDIA TRINAMOOL CONGRESS,12500000,1.2500,17
SWARNAPUSHPA VANIJYA PRIVATE LIMITE,ALL INDIA TRINAMOOL CONGRESS,12500000,1.2500,17
THE SUPREME INDUSTRIES LTD,"PRESIDENT, ALL INDIA CONGRESS COMMITTEE",12500000,1.2500,17
PRIME SALES CORPORATION,BHARATIYA JANATA PARTY,12500000,1.2500,26
SILVERTONE SECURITIES PRIVATE LIMIT,BIJU JANATA DAL,12000000,1.2000,3
NORTHERN SPIRITS LTD,RASHTRIYA JANTA DAL,12000000,1.2000,3
CHOWGLE AND COMPANY PVT LTD,BHARATIYA JANATA PARTY,12000000,1.2000,3
ABHINANDANSTOCKBROKINGPVTLTD,BIJU JANATA DAL,12000000,1.2000,12
RAIPUR BOTLING COMPANY,BHARATIYA JANATA PARTY,10001000,1.0001,2
TARGET VINCOM PVT LTD,"PRESIDENT, ALL INDIA CONGRESS COMMITTEE",10000000,1.0000,1
APOLLO VINTRADE PVT LTD,"PRESIDENT, ALL INDIA CONGRESS COMMITTEE",10000000,1.0000,1
DIVYASREE HOLDINGS PVT LTD,BHARAT RASHTRA SAMITHI,10000000,1.0000,1
CHAYA REAL ESTATE PVT LIMITED,BHARAT RASHTRA SAMITHI,10000000,1.0000,1
CURATED LIVING SOLUTIONS PRIVATE LI,BHARAT RASHTRA SAMITHI,10000000,1.0000,1
BISHOPS WEED FOOD CRAFTS PRIVATE LI,BHARAT RASHTRA SAMITHI,10000000,1.0000,1
BENGAL VIPANAPAN PRIVATE LIMITED,AAM AADMI PARTY,10000000,1.0000,1
OM CREDIT PVT LTD,"PRESIDENT, ALL INDIA CONGRESS COMMITTEE",10000000,1.0000,1
MANU VYAPAR (P) LTD.,ALL INDIA TRINAMOOL CONGRESS,10000000,1.0000,1
MKJ ENTERPRISES LIMITED,JHARKHAND MUKTI MORCHA,10000000,1.0000,1
AVEES TRADING FINANCE PVT LTD,BHARATIYA JANATA PARTY,10000000,1.0000,1
BESSEGGENINFOTECHLLP,AAM AADMI PARTY,10000000,1.0000,1
R.S.BROTHERS RETIAL INDIA PVT LTD,BHARAT RASHTRA SAMITHI,10000000,1.0000,1
14 REELS PLUS LLP,BHARAT RASHTRA SAMITHI,10000000,1.0000,1
GREENKO SRI SAI KRISHNA HYDRO ENERGIES PVT LTD,BHARAT RASHTRA SAMITHI,10000000,1.0000,1
ACHINTYA SOLAR POWER PVT LTD,YSR  CONGRESS PARTY  (YUVAJANA SRAMIKA RYTHU CONGRESS PARTY),10000000,1.0000,1
GREENKO SOLAR POWER (DHARAMAVARAM) LTD,BHARAT RASHTRA SAMITHI,10000000,1.0000,1
RAYALA SEEMA WIND ENERGY PVT LTD,BHARAT RASHTRA SAMITHI,10000000,1.0000,1
ANANTPURA WIND ENERGIES PVT LTD,BHARAT RASHTRA SAMITHI,10000000,1.0000,1
GREENKO ASTHA PROJECTS (INDIA) PVT LTD,BHARAT RASHTRA SAMITHI,10000000,1.0000,1
GANGDARI HYDRO POWER PVT LTD,BHARAT RASHTRA SAMITHI,10000000,1.0000,1
GREENKO HIM KAILASH HYDRO POWER PVT LTD,BHARAT RASHTRA SAMITHI,10000000,1.0000,1
TANOT WIND POWER VENTURES PVT LTD,BHARAT RASHTRA SAMITHI,10000000,1.0000,1
DR REDDYS LABORATORIES LIMITED,BHARATIYA JANATA PARTY,10000000,1.0000,1
SUVARCHAS SOLAR POWER PRIVATE LIMITED,BHARAT RASHTRA SAMITHI,10000000,1.0000,1
PENNAR RENEWABLES PVT LTD( NEW ERA,BHARAT RASHTRA SAMITHI,10000000,1.0000,1
PREMIER PHOTOVOLTAIC MEDAK (P)LTD,BHARAT RASHTRA SAMITHI,10000000,1.0000,1
GRINIBHRIT SOLAR POWER PVT LTD,BHARAT RASHTRA SAMITHI,10000000,1.0000,1
SREE RAYALASEEMA HI STRENGTH HYPO LTD,TELUGU DESAM PARTY,10000000,1.0000,1
SLICK SOFTWARE SOLUTIONS PRIVATE LI,TELUGU DESAM PARTY,10000000,1.0000,1
PANACEA BIOTEC PHARMA LTD PHARMACEU,BHARATIYA JANATA PARTY,10000000,1.0000,1
SNB MINERALS PRIVATE LIMITED,BHARATIYA JANATA PARTY,10000000,1.0000,1
YASHODA SUPER SPECIALITY HOSPITAL,YSR  CONGRESS PARTY  (YUVAJANA SRAMIKA RYTHU CONGRESS PARTY),10000000,1.0000,1
YASHODA SUPER SPECIALITY HOSPITAL,AAM AADMI PARTY,10000000,1.0000,1
KAMNA CREDITS AND PROMOTORS PVT LTD,BHARATIYA JANATA PARTY,10000000,1.0000,1
RANJIT PROJECTS PRIVATE LIMITED,SHIVSENA,10000000,1.0000,1
AJANTA PHARMA LTD,"PRESIDENT, ALL INDIA CONGRESS COMMITTEE",10000000,1.0000,1
CHHATTISGARH DISTILLERIES LIMITED,BHARATIYA JANATA PARTY,10000000,1.0000,1
CAMELIA GRIHA NIRMAN PRIVATE LIMITED,BHARAT RASHTRA SAMITHI,10000000,1.0000,1
ARS COATED STEEL,"PRESIDENT, ALL INDIA CONGRESS COMMITTEE",10000000,1.0000,1
MYTRAH ENERGY INDIA PRIVATE LIMITED,BHARAT RASHTRA SAMITHI,10000000,1.0000,1
RAY CONSTRUCTIONS LTD,"PRESIDENT, ALL INDIA CONGRESS COMMITTEE",10000000,1.0000,1
MONALISA BOTTLING INDUSTRIES PVT LTD,RASHTRIYA JANTA DAL,10000000,1.0000,1
SENGUPTA AND SENGUPTA PVT LTD,RASHTRIYA JANTA DAL,10000000,1.0000,1
PATEL HIGHWAY MANAGEMENT PVT LTD,BHARATIYA JANATA PARTY,10000000,1.0000,1
TORRENT PHARMACEUTICALS LIMITED,AAM AADMI PARTY,10000000,1.0000,1
ANTIQUE INDIA PRIVATE LIMITED,BHARATIYA JANATA PARTY,10000000,1.0000,1
DESCENT BUILDWELL LLP,BHARATIYA JANATA PARTY,10000000,1.0000,1
SHREE CEMENT LTD,RASHTRIYA JANTA DAL,10000000,1.0000,1
SHREE CEMENT LTD,BIHAR PRADESH JANTA DAL(UNITED),10000000,1.0000,1
ROSHNI DEALMARK PRIVATE LIMITED,BIJU JANATA DAL,10000000,1.0000,1
PROCURE ADVISORY SERVICES PRIVATE L,BIJU JANATA DAL,10000000,1.0000,1
MSPL LTD,BHARATIYA JANATA PARTY,10000000,1.0000,1
VIJAYKUMARMISHRACONSTRUCTIONPVT,"PRESIDENT, ALL INDIA CONGRESS COMMITTEE",10000000,1.0000,1
IDEAL REAL ESTATES PRIVATE LIMITED,"PRESIDENT, ALL INDIA CONGRESS COMMITTEE",10000000,1.0000,1
JUBILANT LIFE SCIENCES LIMITED,"PRESIDENT, ALL INDIA CONGRESS COMMITTEE",10000000,1.0000,1
ADIT BUILD WELL PVT LTD,BHARATIYA JANATA PARTY,10000000,1.0000,1
BHARTI INFRATEL LIMITED,BIHAR PRADESH JANTA DAL(UNITED),10000000,1.0000,1
BHARTI INFRATEL LIMITED,SHIROMANI AKALI DAL,10000000,1.0000,1
SHIVALIK PRINTS LIMITED,"PRESIDENT, ALL INDIA CONGRESS COMMITTEE",10000000,1.0000,1
VARDHMAN TEXTILES LIMITED,"PRESIDENT, ALL INDIA CONGRESS COMMITTEE",10000000,1.0000,1
S R C CHEMICALS PVT LTD,BHARATIYA JANATA PARTY,10000000,1.0000,1
B2C CONSULTING LLP,BHARATIYA JANATA PARTY,10000000,1.0000,1
DERIVE TRADING AND RESORTS PRIVATE LIMITED,"PRESIDENT, ALL INDIA CONGRESS COMMITTEE",10000000,1.0000,1
K RAHEJA CORP PVT LTD,SHIVSENA,10000000,1.0000,1
INOX LEISURE LTD,BHARATIYA JANATA PARTY,10000000,1.0000,1
HIND TERMINALS PVT LTD,BHARATIYA JANATA PARTY,10000000,1.0000,1
BG SHIRKE CONSTRUCTION TECHNOLOGY PVT LTD,AAM AADMI PARTY,10000000,1.0000,1
CENTURY TEXTILES AND INDUSTRIES LTD,SHIVSENA,10000000,1.0000,1
ALLANASONS PRIVATE L,BHARATIYA JANATA PARTY,10000000,1.0000,1
CHITRAKUT HOLDINGS LTD,ALL INDIA TRINAMOOL CONGRESS,10000000,1.0000,1
KANHA VINCOM PRIVATE LIMITED,BHARATIYA JANATA PARTY,10000000,1.0000,1
MISRILALL MINES PVT LTD,"PRESIDENT, ALL INDIA CONGRESS COMMITTEE",10000000,1.0000,1
TECH MAHINDRA LTD,AAM AADMI PARTY,10000000,1.0000,1
PURI CONSTRUCTION PVT LTD,BHARATIYA JANATA PARTY,10000000,1.0000,1
SHREE SALASAR PROPERTIES & FINANCE PVT LTD,ALL INDIA TRINAMOOL CONGRESS,10000000,1.0000,1
SSALASAR  FINANCIAL ADVISORY SERVICE PVT LTD,ALL INDIA TRINAMOOL CONGRESS,10000000,1.0000,1
DESCENT BUILDWELL LLP,ALL INDIA TRINAMOOL CONGRESS,10000000,1.0000,1
LIFELINE MARKETING PRIVATE LIMITED,ALL INDIA TRINAMOOL CONGRESS,10000000,1.0000,1
LIFELINE MARKETING PRIVATE LIMITED,"PRESIDENT, ALL INDIA CONGRESS COMMITTEE",10000000,1.0000,1
TRIREME INFRASTRUCTURRE  PVT LTD,BHARAT RASHTRA SAMITHI,10000000,1.0000,1
SHAURYAVIR CARRIERS PRIVATE LIMITED,BHARATIYA JANATA PARTY,10000000,1.0000,10
BAGDOGRA REALTORS PVT LTD,ALL INDIA TRINAMOOL CONGRESS,10000000,1.0000,10
QUALITY MAINTENANCE VENTURE LTD,BHARATIYA JANATA PARTY,10000000,1.0000,10
HITECH SYSTEMS & SERVICES LTD,ALL INDIA TRINAMOOL CONGRESS,10000000,1.0000,10
AMBUJA REALTY EVENTS MANAGMENT LTD,ALL INDIA TRINAMOOL CONGRESS,10000000,1.0000,10
AMBUJA HOUSING AND URBAN INFRASTRUCTURE  CO. LTD.,NATIONALIST CONGRESS PARTY MAHARASHTRA PRADESH,10000000,1.0000,10
REGENT ELECTRO MECH PRIVATE LIMITED,BHARATIYA JANATA PARTY,10000000,1.0000,10
IVL DHUNSERI PETROCHEM INDUSTRIES PRIVAT E LIMITED,BHARATIYA JANATA PARTY,10000000,1.0000,10
RICHA GLOBAL EXPORTS PRIVATE LIMITED,BHARATIYA JANATA PARTY,10000000,1.0000,10
JNS INSTRUMENTS LTD,BHARATIYA JANATA PARTY,10000000,1.0000,10
EDELWEISS HOUSING FINANCE LTD.,"PRESIDENT, ALL INDIA CONGRESS COMMITTEE",10000000,1.0000,10
MAHALAXMI VIDYUT PVT.LTD.,"PRESIDENT, ALL INDIA CONGRESS COMMITTEE",10000000,1.0000,10
CANDY SPIRITS PVT LTD,ALL INDIA TRINAMOOL CONGRESS,10000000,1.0000,10
UTKARSH SFATIK LIMITED,ALL INDIA TRINAMOOL CONGRESS,10000000,1.0000,10
MINDARIKA PRIVATE LTD,BHARATIYA JANATA PARTY,10000000,1.0000,10
CRESCENT POWER LTD,BHARATIYA JANATA PARTY,10000000,1.0000,10
ABHINANDANSTOCKBROKINGPVTLTD,BHARAT RASHTRA SAMITHI,10000000,1.0000,10
SURENDRA STEELS PRIVATE LIMITED,ALL INDIA TRINAMOOL CONGRESS,10000000,1.0000,10
CHAKRADHARI TRADELINK PRIVATE LIMIT,BHARATIYA JANATA PARTY,9000000,0.9000,9
V M SALGAOCAR   BROTHER PVT LTD,BHARATIYA JANATA PARTY,9000000,0.9000,9
SUMAN ESTATES PRIVATE LIMITED,ALL INDIA TRINAMOOL CONGRESS,8500000,0.8500,13
V M SALGAOCAR CORPORATION PVT LTD,"PRESIDENT, ALL INDIA CONGRESS COMMITTEE",8000000,0.8000,62
PRAKASH DISTILLERY & CHEMICAL CO (P) LT  D,RASHTRIYA JANTA DAL,8000000,0.8000,8
VARDHMAN TEXTILES LTD,SHIROMANI AKALI DAL,7500000,0.7500,12
R B DEALERS PVT LTD,"PRESIDENT, ALL INDIA CONGRESS COMMITTEE",7500000,0.7500,12
CASTLE LIQUORS PRIVATE LIMITED,RASHTRIYA JANTA DAL,7000000,0.7000,7
KEYSTONE REALTORS PVT LTD,"PRESIDENT, ALL INDIA CONGRESS COMMITTEE",6000000,0.6000,6
TRANSWAYS EXIM PRIVATE LTD,YSR  CONGRESS PARTY  (YUVAJANA SRAMIKA RYTHU CONGRESS PARTY),6000000,0.6000,6
DINESHCHANDRA R AGRAWAL INFRACON PVT LTD,JHARKHAND MUKTI MORCHA,5000000,0.5000,5
TORRENT PHARMACEUTICALS LTD,SIKKIM DEMOCRATIC FRONT,5000000,0.5000,5
VARDHMAN TEXTILES LTD,AAM AADMI PARTY,5000000,0.5000,5
SHRI JAGANNATH STEELS & POWER LTD,BHARATIYA JANATA PARTY,5000000,0.5000,5
AMBUJA REALTY EVENTS MANAGMENT LTD,NATIONALIST CONGRESS PARTY MAHARASHTRA PRADESH,5000000,0.5000,5
STAR CEMENT MEGHALAYA LIMITED,BHARATIYA JANATA PARTY,5000000,0.5000,5
KEVENTER FOODPARK INFRA LIMITED,SHIROMANI AKALI DAL,5000000,0.5000,5
QUALITY MAINTENANCE VENTURE LTD,RASHTRIYA JANTA DAL,5000000,0.5000,5
UM CABLES LIMITED,"PRESIDENT, ALL INDIA CONGRESS COMMITTEE",5000000,0.5000,5
BHARTI AIRTEL LIMITEDAIRTEL CURRE NT AC-GCO,JAMMU AND KASHMIR NATIONAL CONFERENCE,5000000,0.5000,5
JINDAL POLY FILMS LIMITED,SHIVSENA,5000000,0.5000,5
BG SHIRKE CONSTRUCTION TECHNOLOGY PVT LTD,BHARATIYA JANATA PARTY,5000000,0.5000,5
HEENA STEEL LLP,"PRESIDENT, ALL INDIA CONGRESS COMMITTEE",5000000,0.5000,5
QUALITY MAINTENANCE VENTURE LTD,ALL INDIA TRINAMOOL CONGRESS,5000000,0.5000,5
MONALISA BOTTLING INDUSTRIES PVT LTD,YSR  CONGRESS PARTY  (YUVAJANA SRAMIKA RYTHU CONGRESS PARTY),5000000,0.5000,5
PRB SECURITIES PVT LTD,ALL INDIA TRINAMOOL CONGRESS,5000000,0.5000,5
SUMAN ESTATES PRIVATE LIMITED,"PRESIDENT, ALL INDIA CONGRESS COMMITTEE",5000000,0.5000,5
M S  VARAS INTERNATIONAL PVT LTD,RASHTRIYA JANTA DAL,5000000,0.5000,5
SENGUPTA AND SENGUPTA PVT LTD,ALL INDIA TRINAMOOL CONGRESS,5000000,0.5000,5
R B DEALERS PVT LTD,ALL INDIA TRINAMOOL CONGRESS,5000000,0.5000,5
DESCENT BUILDWELL LLP,"PRESIDENT, ALL INDIA CONGRESS COMMITTEE",5000000,0.5000,5
SAGAR CEMENTS LIMITED,BHARAT RASHTRA SAMITHI,5000000,0.5000,5
SAGAR CEMENTS LIMITED,TELUGU DESAM PARTY,5000000,0.5000,5
SAGAR CEMENTS LIMITED,YSR  CONGRESS PARTY  (YUVAJANA SRAMIKA RYTHU CONGRESS PARTY),5000000,0.5000,5
SAGAR CEMENTS LIMITED,BHARATIYA JANATA PARTY,5000000,0.5000,5
SAGAR CEMENTS LIMITED,"PRESIDENT, ALL INDIA CONGRESS COMMITTEE",5000000,0.5000,5
AUSTIN PLYWOOD PRIVATE LIMITED FORMERLY  B S PROGRESSIVE PVT,"PRESIDENT, ALL INDIA CONGRESS COMMITTEE",4000000,0.4000,4
V M SALGAOCAR CORPORATION PVT LTD,MAHARASHTRAWADI GOMNTAK PARTY,3500000,0.3500,26
SHIVALIK PRINTS LIMITED,BHARATIYA JANATA PARTY,3500000,0.3500,8
V M SALGAOCAR CORPORATION PVT LTD,AAM AADMI PARTY,3000000,0.3000,21
CHAKRADHARI TRADELINK PRIVATE LIMIT,ALL INDIA TRINAMOOL CONGRESS,3000000,0.3000,3
SILVERTONE SECURITIES PRIVATE LIMIT,BHARAT RASHTRA SAMITHI,3000000,0.3000,3
CHOWGLE AND COMPANY PVT LTD,"PRESIDENT, ALL INDIA CONGRESS COMMITTEE",3000000,0.3000,3
V M SALGAOCAR   BROTHER PVT LTD,ALL INDIA TRINAMOOL CONGRESS,3000000,0.3000,3
V M SALGAOCAR   BROTHER PVT LTD,"PRESIDENT, ALL INDIA CONGRESS COMMITTEE",3000000,0.3000,3
RITESH PROJECTS PVT LTD,JHARKHAND MUKTI MORCHA,2500000,0.2500,7
VEDANTA LTD,ALL INDIA TRINAMOOL CONGRESS,2000000,0.2000,2
HIMALAYAN ENDEAVOUR PVT LTD,"PRESIDENT, ALL INDIA CONGRESS COMMITTEE",2000000,0.2000,2
V M SALGAOCAR CORPORATION PVT LTD,GOA FORWARD PARTY,1500000,0.1500,15
V M SALGAOCAR CORPORATION PVT LTD,ALL INDIA TRINAMOOL CONGRESS,1500000,0.1500,6
PRAKASH DISTILLERY & CHEMICAL CO (P) LT  D,YSR  CONGRESS PARTY  (YUVAJANA SRAMIKA RYTHU CONGRESS PARTY),1200000,0.1200,3
V M SALGAOCAR CORPORATION PVT LTD,NATIONALIST CONGRESS PARTY MAHARASHTRA PRADESH,1000000,0.1000,10
BHARTI AIRTEL LIMITEDAIRTEL CURRE NT AC-GCO,RASHTRIYA JANTA DAL,1000000,0.1000,1
UTKAL ALUMINA INTERNATIONAL LIMITED,"PRESIDENT, ALL INDIA CONGRESS COMMITTEE",1000000,0.1000,1
SENGUPTA AND SENGUPTA PRIVATE LIMIT,BHARATIYA JANATA PARTY,1000000,0.1000,1
HIMALAYAN ENDEAVOUR PVT LTD,BHARATIYA JANATA PARTY,1000000,0.1000,1
TRANSWAYS EXIM PRIVATE LTD,BHARATIYA JANATA PARTY,1000000,0.1000,1
JWIL INFRA LTD. (FORM. JITF WATER,ALL INDIA TRINAMOOL CONGRESS,1000000,0.1000,1
SRI SIDDHARTH INFRATECH AND SERVICES I P,TELUGU DESAM PARTY,1000000,0.1000,1
